,VILLE,Dernier poste occupé (ou actuel),Mission recherchée : Exemple n°1 de poste (métier + secteur),Quels sont vos niveaux de disponibilité ? TEXTE,Quels sont vos niveaux de disponibilité 2? TEXTE,Niveau de rémunération mensuelle brute souhaitée,"Localisation géographique du poste (région, ville)",Quelle taille d'entreprise / organisation TEXTE,Voitures,Autre transports,Permis B,TPE - moins de 10 personnes,PME 10 à 250 personnes,ETI 250 à 5000,GRAND GROUPE - Plus de 500 personnes,Vos compétences 1,Vos compétences 2,Vos compétences 3,Quel type de contrat vous intéresse 1,Quel type de contrat vous intéresse 2,Quel type de contrat vous intéresse 3,Vous souhaitez faire du télétravail (en % temps),0- 20klm,21- 40klm,41-60klm,61 - klm et plus,Seriez-vous prêt à déménager pour ce futur job ?,Vous êtes prêt à faire des déplacements professionnels (en % temps)
0,133,-1,-1,1.0,1.0,2280,133,3,1,0,1,0,1,0,0,2,11,12,8,3,16,100,0,1,0,0,1,25
1,55,1,1,1.0,1.0,2320,55,3,1,2,1,0,0,1,0,2,11,12,8,10,6,25,1,0,0,0,0,50
2,128,-1,-1,1.0,1.0,1940,128,3,1,2,1,1,1,1,0,-1,17,13,8,4,7,75,1,0,0,0,1,50
3,114,3,3,1.0,1.0,2160,114,3,1,0,1,1,1,1,1,2,11,12,8,16,10,75,0,1,1,1,1,50
4,54,4,4,0.8,0.8,2120,54,3,2,0,0,0,0,1,0,2,11,12,8,15,14,75,0,1,1,1,1,25
5,100,4,4,1.0,1.0,2420,100,3,2,0,0,0,1,0,0,12,8,4,8,6,21,25,0,1,1,0,1,75
6,-1,4,4,0.8,0.8,2340,-1,3,1,2,1,1,0,1,0,12,8,4,8,5,0,100,1,0,0,0,0,100
7,94,4,4,1.0,1.0,2080,94,3,1,2,1,0,0,0,0,17,13,15,8,12,9,100,1,0,0,0,0,50
8,100,4,4,0.5,0.5,2200,100,3,1,0,1,0,0,1,0,0,-1,-1,8,4,7,25,1,0,0,0,0,75
9,0,4,4,1.0,1.0,1860,0,3,0,0,0,0,1,0,1,17,13,15,8,12,9,25,0,1,0,0,0,75
10,132,4,4,1.0,1.0,2020,132,3,2,0,0,1,0,0,1,-1,17,13,8,20,1,25,1,0,0,0,1,50
11,95,4,4,1.0,1.0,1760,95,3,2,2,0,0,1,0,1,9,6,2,8,20,1,50,1,0,0,0,0,75
12,1,4,4,1.0,1.0,2060,1,3,1,0,1,1,1,0,1,9,6,2,8,11,12,75,0,1,0,0,0,25
13,149,4,4,1.0,1.0,2320,149,3,1,2,1,1,0,0,0,-1,-1,17,8,20,1,50,1,0,0,0,0,25
14,-1,5,5,1.0,1.0,2220,-1,3,1,0,1,0,1,1,0,9,6,2,8,17,15,75,1,0,0,0,1,75
15,104,5,5,0.8,0.8,1640,104,3,1,0,1,1,1,1,1,12,8,4,8,14,19,50,0,1,1,0,0,25
16,67,5,5,1.0,1.0,1880,67,3,1,2,1,1,1,0,1,9,6,2,8,20,1,50,1,0,0,0,0,100
17,114,5,5,1.0,1.0,2500,114,3,1,0,1,0,1,1,1,15,5,1,8,4,7,75,1,0,0,0,1,100
18,18,5,5,1.0,1.0,2420,18,3,1,0,1,1,0,1,1,1,1,1,8,16,10,25,1,0,0,0,1,100
19,36,5,5,0.5,0.5,2120,36,3,0,0,0,1,0,0,1,3,-1,6,8,2,13,75,0,1,0,0,1,50
20,130,6,6,0.8,0.8,2440,130,3,0,2,0,0,1,0,1,4,7,0,8,4,7,75,1,0,0,0,0,50
21,15,6,6,1.0,1.0,2000,15,3,2,0,0,0,1,0,1,9,6,2,8,11,12,100,0,1,0,0,0,100
22,58,6,6,1.0,1.0,2160,58,3,2,0,0,1,0,1,0,2,11,12,8,2,13,25,0,1,1,1,1,25
23,89,6,6,0.8,0.8,2540,89,3,2,0,0,0,0,1,1,6,2,11,8,14,19,100,1,0,0,0,0,50
24,18,-1,-1,0.8,0.8,2200,18,3,1,0,1,0,1,1,0,4,7,0,8,3,16,75,0,1,0,0,0,100
25,113,-1,-1,0.8,0.5,2080,113,3,1,0,1,0,1,0,0,13,15,5,8,5,0,25,0,1,1,0,0,100
26,28,13,13,0.33,0.5,2560,28,3,1,0,1,1,1,0,1,0,-1,-1,8,11,12,50,0,1,1,1,0,100
27,75,15,15,1.0,1.0,2360,75,3,1,0,1,1,0,1,1,6,2,11,8,14,19,100,1,0,0,0,0,25
28,100,17,17,1.0,1.0,2560,100,3,1,0,1,1,1,1,0,2,11,12,8,19,20,25,1,0,0,0,0,100
29,109,17,17,0.8,0.8,2340,109,3,1,0,1,0,0,1,1,6,2,11,8,7,17,100,1,0,0,0,1,75
30,44,17,17,0.5,0.5,2480,44,3,1,0,1,0,0,0,1,-1,-1,17,8,10,6,50,0,1,0,0,0,75
31,114,17,17,0.5,0.5,2220,114,3,1,0,1,1,0,1,1,17,13,15,8,1,11,25,0,1,0,0,1,75
32,78,17,17,0.8,0.5,1620,78,3,1,0,1,0,1,1,1,8,4,7,8,4,7,100,0,1,1,1,0,100
33,91,17,17,0.8,0.5,2280,91,3,1,0,1,0,1,1,0,3,-1,6,8,21,5,100,1,0,0,0,1,25
34,-1,17,17,1.0,1.0,1940,-1,3,0,0,0,1,0,0,1,4,7,0,8,13,18,75,0,1,0,0,1,100
35,109,17,17,1.0,1.0,2320,109,3,0,0,0,0,1,1,1,12,8,4,8,5,0,25,1,0,0,0,1,75
36,41,18,18,1.0,1.0,1960,41,3,2,2,0,0,0,0,1,-1,-1,17,8,16,10,75,1,0,0,0,0,100
37,109,18,18,0.8,0.8,1840,109,3,1,2,1,0,1,0,1,7,0,-1,8,19,20,50,1,0,0,0,1,75
38,109,18,18,1.0,1.0,2360,109,3,1,0,1,0,0,1,0,15,5,1,8,3,16,75,1,0,0,0,1,75
39,-1,18,18,1.0,1.0,1900,-1,3,1,0,1,0,1,1,1,14,-1,-1,8,2,13,25,1,0,0,0,1,25
40,100,19,19,1.0,1.0,2200,100,3,1,0,1,0,1,0,0,2,11,12,8,17,15,75,0,1,1,0,0,75
41,100,-1,-1,0.5,0.5,2260,100,3,1,0,1,0,0,1,0,-1,17,13,8,19,20,25,0,1,0,0,0,25
42,134,24,24,1.0,1.0,1800,134,3,0,0,0,0,0,0,1,15,5,1,8,3,16,100,0,1,0,0,0,25
43,34,24,24,0.8,0.8,2080,34,3,0,0,0,0,0,0,1,2,11,12,8,6,21,75,0,1,1,0,1,50
44,16,24,24,0.5,0.5,2200,16,3,0,0,0,1,1,0,0,12,8,4,8,10,6,100,0,1,0,0,0,100
45,18,25,25,1.0,1.0,1720,18,3,2,0,0,1,1,0,0,6,2,11,8,17,15,100,1,0,0,0,0,25
46,130,-1,-1,1.0,1.0,2380,130,3,1,0,1,1,1,0,0,9,6,2,8,21,5,100,1,0,0,0,0,100
47,100,28,28,1.0,1.0,2580,100,3,1,2,1,1,1,1,0,-1,-1,17,8,13,18,75,1,0,0,0,1,50
48,100,29,29,1.0,1.0,2200,100,3,1,0,1,0,0,1,1,5,1,1,8,4,7,50,0,1,1,1,1,50
49,114,29,29,0.8,0.5,1900,114,3,1,0,1,1,1,1,1,5,1,1,8,0,4,50,0,1,0,0,0,50
50,114,29,29,1.0,1.0,2100,114,3,1,0,1,1,1,0,1,1,1,1,8,20,1,25,0,1,0,0,1,75
51,1,29,29,1.0,1.0,2480,1,3,0,0,0,1,1,1,0,6,2,11,8,13,18,100,0,1,1,0,0,100
52,15,29,29,0.33,0.5,2160,15,3,1,0,1,1,1,0,0,6,2,11,8,21,5,50,0,1,0,0,1,25
53,117,29,29,0.5,0.5,2200,117,3,1,0,1,1,0,1,1,11,12,8,8,2,13,25,0,1,0,0,1,75
54,12,29,29,0.33,0.5,2400,12,3,1,0,1,0,0,1,0,5,1,1,8,10,6,75,1,0,0,0,0,100
55,100,29,29,0.33,0.33,1740,100,3,1,0,1,1,0,0,1,-1,17,13,8,10,6,50,1,0,0,0,1,50
56,89,29,29,1.0,1.0,1640,89,3,1,0,1,1,0,0,0,9,6,2,8,1,11,25,0,1,0,0,0,75
57,33,29,29,1.0,1.0,1960,33,3,1,0,1,1,1,0,1,3,-1,6,8,2,13,100,1,0,0,0,1,50
58,67,29,29,0.8,0.8,2420,67,3,1,0,1,1,1,0,1,9,6,2,8,6,21,25,1,0,0,0,0,100
59,113,31,31,0.5,0.5,1800,113,3,1,0,1,0,1,1,0,6,2,11,8,14,19,75,0,1,1,0,0,75
60,109,32,32,1.0,1.0,1780,109,3,0,0,0,0,1,1,0,1,1,1,8,15,14,100,0,1,0,0,1,25
61,133,32,32,1.0,1.0,1780,133,3,2,0,0,1,0,1,1,0,-1,-1,8,4,7,100,1,0,0,0,1,50
62,75,32,32,0.5,0.5,1660,75,3,2,0,0,1,0,1,1,7,0,-1,8,14,19,100,1,0,0,0,0,50
63,114,32,32,0.8,1.0,1980,114,3,1,0,1,1,0,0,1,6,2,11,8,10,6,25,0,1,0,0,1,100
64,120,32,32,1.0,1.0,2520,120,3,1,0,1,1,1,0,0,7,0,-1,8,15,14,25,0,1,1,0,1,50
65,83,32,32,1.0,1.0,2140,83,3,1,0,1,1,0,0,0,4,7,0,8,19,20,100,0,1,1,1,0,75
66,117,32,32,1.0,1.0,2220,117,3,1,2,1,1,1,1,0,4,7,0,8,0,4,100,1,0,0,0,0,25
67,139,32,32,1.0,1.0,2220,139,3,1,0,1,0,0,0,0,6,2,11,8,21,5,25,0,1,1,1,0,25
68,130,32,32,1.0,1.0,2100,130,3,1,0,1,1,1,0,0,15,5,1,8,10,6,25,0,1,0,0,1,75
69,95,34,34,0.8,0.5,2220,95,3,2,0,0,0,1,0,1,8,4,7,8,7,17,75,1,0,0,0,0,100
70,31,36,36,0.8,0.8,2300,31,3,1,0,1,1,1,1,0,0,-1,-1,8,16,10,100,0,1,0,0,1,100
71,94,36,36,0.8,0.8,1800,94,3,1,0,1,1,0,0,1,12,8,4,8,19,20,75,0,1,1,1,0,25
72,31,36,36,1.0,1.0,1620,31,3,1,2,1,1,1,1,0,6,2,11,8,1,11,50,1,0,0,0,0,50
73,-1,36,36,0.8,0.8,2560,-1,3,1,0,1,1,0,1,1,-1,-1,17,8,13,18,50,1,0,0,0,1,50
74,126,36,36,1.0,1.0,1760,126,3,1,0,1,0,1,1,1,7,0,-1,8,14,19,50,0,1,1,1,0,100
75,114,36,36,0.8,1.0,2340,114,3,1,0,1,1,1,0,1,9,6,2,8,18,3,50,0,1,0,0,0,100
76,25,36,36,0.8,0.5,2460,25,3,0,0,0,0,1,0,1,-1,-1,17,8,17,15,75,0,1,0,0,0,75
77,114,36,36,0.8,0.8,2260,114,3,1,0,1,0,1,0,1,12,8,4,8,17,15,25,0,1,0,0,1,25
78,33,36,36,1.0,1.0,2400,33,3,1,2,1,0,1,1,1,6,2,11,8,16,10,50,1,0,0,0,1,50
79,14,36,36,0.33,0.33,1820,14,3,1,0,1,1,0,1,0,9,6,2,8,4,7,100,0,1,0,0,1,50
80,44,36,36,1.0,1.0,1880,44,3,1,0,1,1,0,1,0,1,1,1,8,7,17,100,0,1,0,0,1,50
81,94,37,37,1.0,1.0,1900,94,3,1,2,1,1,1,1,1,11,12,8,8,18,3,25,1,0,0,0,0,100
82,102,37,37,1.0,1.0,2320,102,3,1,2,1,0,0,1,1,3,-1,6,8,5,0,50,1,0,0,0,0,75
83,68,37,37,1.0,1.0,2580,68,3,1,0,1,1,0,0,1,15,5,1,8,13,18,25,0,1,0,0,0,50
84,32,37,37,1.0,1.0,2560,32,3,0,0,0,1,1,0,0,8,4,7,8,16,10,25,1,0,0,0,0,100
85,109,37,37,1.0,1.0,1840,109,3,0,0,0,1,1,1,0,4,7,0,8,20,1,50,0,1,1,1,1,75
86,48,37,37,1.0,1.0,1880,48,3,0,0,0,1,0,1,1,15,5,1,8,0,4,50,0,1,1,0,1,50
87,-1,37,37,1.0,1.0,1840,-1,3,2,0,0,1,1,1,1,7,0,-1,8,21,5,100,1,0,0,0,1,100
88,32,37,37,0.8,1.0,1780,32,3,2,0,0,0,1,0,1,0,-1,-1,8,12,9,100,1,0,0,0,0,100
89,113,37,37,1.0,1.0,2300,113,3,1,0,1,0,0,0,0,3,-1,6,8,3,16,25,0,1,1,0,0,50
90,109,37,37,1.0,1.0,1940,109,3,1,0,1,1,0,0,0,9,6,2,8,20,1,50,0,1,1,1,1,50
91,100,37,37,1.0,1.0,2260,100,3,1,2,1,1,0,0,1,13,15,5,8,3,16,25,1,0,0,0,1,50
92,65,37,37,1.0,1.0,1900,65,3,1,0,1,0,1,0,1,15,5,1,8,4,7,75,0,1,1,0,0,75
93,100,37,37,1.0,1.0,2340,100,3,1,0,1,0,1,0,0,1,1,1,8,17,15,25,0,1,1,1,0,50
94,31,37,37,1.0,1.0,1620,31,3,0,0,0,0,1,1,0,17,13,15,8,15,14,100,0,1,0,0,1,75
95,95,37,37,1.0,1.0,2160,95,3,1,2,1,1,1,0,0,-1,-1,17,8,17,15,75,1,0,0,0,0,25
96,18,37,37,1.0,1.0,1980,18,3,1,0,1,0,0,1,0,15,5,1,8,11,12,50,0,1,0,0,0,50
97,109,37,37,1.0,1.0,2520,109,3,1,2,1,0,1,1,1,14,-1,-1,8,4,7,100,1,0,0,0,0,75
98,136,37,37,1.0,1.0,1820,136,3,1,0,1,0,1,0,1,-1,-1,17,8,20,1,25,0,1,1,1,0,50
99,-1,37,37,1.0,1.0,2220,-1,3,1,0,1,1,1,1,0,8,4,7,8,13,18,50,0,1,1,1,1,50
100,81,37,37,1.0,1.0,2300,81,3,2,0,0,0,1,0,1,2,11,12,8,10,6,25,0,1,1,0,0,50
101,31,37,37,1.0,1.0,1840,31,3,1,0,1,1,0,0,0,5,1,1,8,13,18,25,1,0,0,0,0,25
102,78,37,37,1.0,1.0,2260,78,3,1,0,1,1,1,0,0,17,13,15,8,4,7,100,0,1,0,0,1,25
103,95,37,37,1.0,1.0,2100,95,3,0,2,0,0,0,1,0,0,-1,-1,8,21,5,25,1,0,0,0,1,50
104,109,37,37,1.0,1.0,1620,109,3,2,0,0,1,0,1,1,3,-1,6,8,6,21,75,0,1,1,1,0,100
105,142,37,37,1.0,1.0,1820,142,3,1,0,1,0,1,0,0,8,4,7,8,21,5,75,1,0,0,0,0,100
106,53,37,37,1.0,1.0,1880,53,3,1,0,1,0,1,1,1,6,2,11,8,3,16,100,1,0,0,0,1,100
107,75,37,37,1.0,1.0,1780,75,3,1,0,1,1,1,0,1,2,11,12,8,17,15,100,0,1,1,0,0,100
108,109,37,37,1.0,1.0,1980,109,3,1,0,1,1,0,0,0,4,7,0,8,7,17,25,1,0,0,0,1,75
109,114,37,37,1.0,1.0,1980,114,3,1,2,1,0,1,1,0,8,4,7,8,18,3,75,1,0,0,0,0,25
110,21,37,37,1.0,1.0,2220,21,3,1,0,1,0,0,1,1,17,13,15,8,15,14,75,0,1,1,0,0,50
111,111,37,37,1.0,1.0,2540,111,3,1,2,1,0,1,0,1,11,12,8,8,19,20,25,1,0,0,0,0,50
112,135,43,43,1.0,1.0,1780,135,3,1,0,1,0,1,1,1,13,15,5,8,10,6,75,1,0,0,0,1,50
113,111,43,43,1.0,1.0,2420,111,3,1,0,1,1,1,0,0,9,6,2,8,1,11,75,1,0,0,0,0,100
114,117,44,44,1.0,1.0,1880,117,3,1,0,1,1,0,0,1,6,2,11,8,11,12,25,0,1,1,1,1,50
115,113,-1,-1,0.5,0.5,1640,113,3,1,0,1,1,0,1,0,2,11,12,8,21,5,75,1,0,0,0,1,50
116,81,47,47,1.0,1.0,2280,81,3,1,0,1,0,0,0,0,6,2,11,8,12,9,100,0,1,0,0,1,100
117,45,48,48,0.8,1.0,1640,45,3,1,0,1,0,0,1,1,-1,-1,17,8,18,3,25,0,1,0,0,0,50
118,-1,48,48,1.0,1.0,2240,-1,3,0,2,0,0,1,0,1,6,2,11,8,18,3,50,1,0,0,0,0,75
119,-1,48,48,1.0,1.0,2220,-1,3,0,0,0,0,0,0,1,-1,17,13,8,6,21,25,0,1,1,0,0,50
120,12,51,51,1.0,1.0,2160,12,3,2,0,0,0,0,1,0,2,11,12,8,0,4,100,1,0,0,0,0,75
121,-1,52,52,1.0,1.0,2400,-1,3,1,0,1,0,1,0,0,15,5,1,8,3,16,100,0,1,0,0,0,100
122,18,53,53,1.0,1.0,2540,18,3,1,0,1,1,1,1,0,17,13,15,8,19,20,50,0,1,1,1,1,50
123,113,58,58,1.0,1.0,2560,113,3,1,0,1,0,0,1,1,6,2,11,8,1,11,25,0,1,0,0,1,25
124,114,58,58,1.0,1.0,2260,114,3,1,0,1,0,0,0,0,11,12,8,8,10,6,25,0,1,1,1,1,100
125,-1,58,58,0.8,1.0,2280,-1,3,1,0,1,1,0,1,1,7,0,-1,8,12,9,75,1,0,0,0,1,25
126,104,58,58,1.0,1.0,1720,104,3,2,0,0,1,1,0,1,1,1,1,8,7,17,100,1,0,0,0,1,100
127,92,58,58,0.8,0.8,1880,92,3,2,2,0,1,0,1,1,5,1,1,8,2,13,75,1,0,0,0,1,50
128,66,58,58,0.33,0.33,1720,66,3,1,2,1,1,0,0,1,8,4,7,8,0,4,100,1,0,0,0,0,75
129,114,58,58,1.0,1.0,1640,114,3,1,0,1,1,0,1,1,-1,17,13,8,20,1,25,1,0,0,0,0,100
130,100,58,58,1.0,1.0,1720,100,3,1,0,1,1,1,1,0,6,2,11,8,14,19,100,0,1,0,0,1,25
131,102,58,58,1.0,1.0,2380,102,3,0,0,0,0,1,1,1,11,12,8,8,6,21,75,1,0,0,0,0,25
132,100,58,58,0.5,0.5,2420,100,3,2,0,0,0,0,0,0,7,0,-1,8,6,21,50,0,1,0,0,1,75
133,12,60,60,1.0,1.0,2000,12,3,1,0,1,1,0,1,0,14,-1,-1,8,21,5,25,0,1,1,0,1,75
134,145,-1,-1,1.0,1.0,1660,145,3,1,0,1,0,1,0,1,15,5,1,8,3,16,75,1,0,0,0,0,25
135,70,65,65,1.0,1.0,2240,70,3,1,0,1,0,1,1,0,9,6,2,8,14,19,50,0,1,0,0,0,50
136,-1,65,65,1.0,1.0,1740,-1,3,1,0,1,1,1,1,0,8,4,7,8,7,17,50,0,1,0,0,1,25
137,75,65,65,1.0,1.0,2560,75,3,1,0,1,1,1,1,0,15,5,1,8,7,17,50,0,1,0,0,0,50
138,109,65,65,1.0,1.0,1980,109,3,1,0,1,0,1,0,1,11,12,8,8,14,19,75,1,0,0,0,0,50
139,47,65,65,1.0,1.0,2100,47,3,1,0,1,1,0,0,0,14,-1,-1,8,17,15,25,1,0,0,0,1,50
140,67,65,65,1.0,1.0,2400,67,3,0,2,0,1,0,1,1,0,-1,-1,8,11,12,75,1,0,0,0,1,50
141,-1,65,65,1.0,1.0,2180,-1,3,1,0,1,0,1,1,1,12,8,4,8,20,1,50,0,1,0,0,0,50
142,109,65,65,1.0,1.0,2420,109,3,1,0,1,1,0,1,0,1,1,1,8,2,13,25,0,1,0,0,0,100
143,75,65,65,1.0,1.0,2400,75,3,1,2,1,1,1,0,1,13,15,5,8,6,21,25,1,0,0,0,0,50
144,114,65,65,0.5,0.5,1740,114,3,1,0,1,0,0,0,0,6,2,11,8,16,10,100,0,1,1,1,0,25
145,51,65,65,1.0,1.0,2580,51,3,1,0,1,1,1,1,1,8,4,7,8,13,18,75,0,1,1,0,1,50
146,4,65,65,1.0,1.0,2400,4,3,1,0,1,1,0,1,0,-1,-1,17,8,15,14,50,1,0,0,0,1,100
147,109,65,65,1.0,1.0,1960,109,3,0,0,0,0,0,0,0,15,5,1,8,1,11,100,0,1,1,1,0,75
148,51,65,65,0.8,0.8,1960,51,3,0,0,0,1,0,0,1,7,0,-1,8,17,15,75,1,0,0,0,0,100
149,94,65,65,0.33,0.5,1740,94,3,1,0,1,0,0,0,0,17,13,15,8,12,9,50,0,1,1,0,0,75
150,67,65,65,0.33,0.33,1820,67,3,1,0,1,1,1,1,1,5,1,1,8,1,11,100,0,1,0,0,0,75
151,18,65,65,1.0,1.0,2260,18,3,1,0,1,1,1,1,1,9,6,2,8,7,17,25,0,1,1,1,0,100
152,100,65,65,0.8,0.8,1900,100,3,1,0,1,1,1,0,0,12,8,4,8,13,18,25,0,1,0,0,1,100
153,114,69,69,1.0,1.0,2440,114,3,1,0,1,1,0,0,0,-1,-1,17,8,12,9,100,0,1,1,0,1,50
154,109,66,66,1.0,1.0,2520,109,3,2,0,0,0,0,1,0,-1,17,13,8,11,12,75,0,1,0,0,0,25
155,106,66,66,0.5,0.5,2060,106,3,1,0,1,0,1,1,1,17,13,15,8,20,1,50,1,0,0,0,0,25
156,100,67,67,1.0,1.0,2560,100,3,1,0,1,0,0,1,1,17,13,15,8,16,10,50,0,1,1,0,1,25
157,-1,68,68,1.0,1.0,1640,-1,3,1,2,1,1,1,0,0,12,8,4,8,2,13,75,1,0,0,0,0,25
158,109,68,68,1.0,1.0,1640,109,3,1,0,1,1,0,0,1,6,2,11,8,12,9,75,1,0,0,0,1,50
159,114,68,68,1.0,1.0,1800,114,3,1,2,1,1,0,1,1,15,5,1,8,15,14,100,1,0,0,0,1,50
160,56,68,68,1.0,1.0,2340,56,3,1,0,1,1,0,1,1,2,11,12,8,10,6,75,0,1,0,0,0,50
161,-1,68,68,1.0,1.0,1840,-1,3,1,0,1,0,0,1,1,15,5,1,8,2,13,100,1,0,0,0,0,100
162,89,68,68,0.8,0.8,2240,89,3,1,0,1,1,1,0,1,12,8,4,8,10,6,100,0,1,1,0,1,100
163,114,68,68,1.0,1.0,1980,114,3,1,0,1,1,0,1,0,6,2,11,8,4,7,50,1,0,0,0,0,100
164,100,68,68,1.0,1.0,1660,100,3,0,0,0,1,0,0,0,8,4,7,8,17,15,100,0,1,1,0,1,25
165,53,68,68,0.8,0.8,1840,53,3,0,0,0,0,0,0,0,0,-1,-1,8,21,5,50,1,0,0,0,1,25
166,100,68,68,1.0,1.0,1680,100,3,2,0,0,0,1,1,0,4,7,0,8,5,0,75,1,0,0,0,0,25
167,81,68,68,0.5,0.5,1880,81,3,1,0,1,0,1,1,0,17,13,15,8,4,7,25,1,0,0,0,0,100
168,109,68,68,1.0,1.0,2120,109,3,1,0,1,1,1,1,1,12,8,4,8,18,3,25,0,1,1,1,0,100
169,109,68,68,1.0,1.0,2300,109,3,1,0,1,1,0,0,0,-1,-1,17,8,13,18,25,0,1,1,1,0,25
170,7,68,68,1.0,1.0,2320,7,3,1,0,1,1,0,1,1,-1,17,13,8,21,5,100,0,1,0,0,0,75
171,100,68,68,1.0,1.0,2280,100,3,1,2,1,0,0,0,1,14,-1,-1,8,19,20,25,1,0,0,0,0,25
172,76,68,68,1.0,1.0,2160,76,3,2,0,0,1,0,0,0,7,0,-1,8,0,4,50,1,0,0,0,0,75
173,109,68,68,1.0,1.0,1880,109,3,2,0,0,1,1,1,0,9,6,2,8,3,16,25,0,1,1,1,1,100
174,100,68,68,0.33,0.5,2520,100,3,1,2,1,1,1,0,0,7,0,-1,8,4,7,100,1,0,0,0,0,100
175,109,68,68,1.0,1.0,2040,109,3,1,0,1,0,0,0,0,12,8,4,8,10,6,25,1,0,0,0,1,50
176,-1,68,68,1.0,1.0,2060,-1,3,1,0,1,1,1,1,1,12,8,4,8,2,13,50,0,1,0,0,1,75
177,112,68,68,1.0,1.0,1680,112,3,1,2,1,1,0,1,0,17,13,15,8,7,17,25,1,0,0,0,1,100
178,53,68,68,0.33,0.33,1680,53,3,2,0,0,0,0,0,1,11,12,8,8,13,18,50,0,1,1,1,1,50
179,53,68,68,1.0,1.0,2380,53,3,1,0,1,0,1,0,1,8,4,7,8,7,17,75,0,1,1,1,0,25
180,4,68,68,1.0,1.0,1740,4,3,1,0,1,0,1,1,0,13,15,5,8,13,18,50,0,1,1,0,1,25
181,-1,68,68,1.0,1.0,1700,-1,3,1,0,1,1,0,0,0,2,11,12,8,0,4,75,0,1,0,0,0,100
182,84,68,68,1.0,1.0,2500,84,3,1,0,1,1,0,0,0,5,1,1,8,13,18,25,0,1,1,0,0,75
183,133,68,68,1.0,1.0,2380,133,3,0,2,0,0,0,0,1,12,8,4,8,12,9,25,1,0,0,0,1,100
184,13,68,68,1.0,1.0,1820,13,3,2,0,0,1,0,0,0,13,15,5,8,19,20,100,1,0,0,0,0,25
185,75,68,68,1.0,1.0,2280,75,3,2,0,0,1,0,1,1,13,15,5,8,13,18,75,1,0,0,0,0,75
186,100,68,68,0.33,0.33,2100,100,3,2,0,0,0,1,0,0,4,7,0,8,16,10,100,0,1,1,0,0,75
187,105,68,68,1.0,1.0,2320,105,3,1,2,1,0,0,0,0,11,12,8,8,2,13,75,1,0,0,0,0,75
188,-1,68,68,0.33,0.33,2180,-1,3,1,0,1,1,0,0,1,4,7,0,8,21,5,50,0,1,1,0,0,50
189,89,68,68,1.0,1.0,2360,89,3,1,2,1,0,1,1,1,15,5,1,8,21,5,50,1,0,0,0,0,50
190,60,68,68,1.0,1.0,2300,60,3,1,0,1,0,1,1,0,2,11,12,8,6,21,25,1,0,0,0,0,100
191,114,68,68,1.0,1.0,1640,114,3,0,0,0,1,0,1,0,3,-1,6,8,13,18,50,0,1,1,0,0,50
192,54,68,68,0.33,0.33,1820,54,3,2,0,0,0,1,1,0,7,0,-1,8,19,20,100,0,1,0,0,0,50
193,89,68,68,1.0,1.0,1860,89,3,1,0,1,1,1,0,1,9,6,2,8,18,3,100,0,1,1,1,0,100
194,53,68,68,0.5,0.5,2380,53,3,1,0,1,1,1,1,0,8,4,7,8,7,17,75,1,0,0,0,0,25
195,114,70,70,1.0,1.0,1780,114,3,1,0,1,1,0,0,1,-1,17,13,8,21,5,75,1,0,0,0,0,100
196,31,71,71,1.0,1.0,2060,31,3,0,0,0,0,0,0,1,6,2,11,8,13,18,50,1,0,0,0,0,100
197,94,76,76,0.8,0.8,2560,94,3,1,0,1,1,1,0,0,9,6,2,8,17,15,50,0,1,1,1,1,50
198,106,78,78,1.0,1.0,2060,106,3,1,0,1,1,0,1,0,6,2,11,8,6,21,100,0,1,0,0,0,25
199,109,78,78,1.0,1.0,1920,109,3,1,0,1,1,1,0,1,7,0,-1,8,20,1,100,0,1,1,1,1,75
200,120,78,78,1.0,1.0,2000,120,3,1,0,1,0,0,0,1,1,1,1,8,5,0,100,1,0,0,0,1,25
201,67,78,78,0.8,0.8,2260,67,3,1,0,1,1,1,0,1,5,1,1,8,16,10,50,1,0,0,0,1,75
202,15,79,79,1.0,1.0,2480,15,3,1,0,1,0,0,0,0,17,13,15,8,0,4,50,0,1,0,0,1,75
203,94,-1,-1,0.8,0.8,1980,94,3,1,0,1,0,0,0,1,15,5,1,8,7,17,75,1,0,0,0,1,25
204,18,-1,-1,1.0,1.0,2280,18,3,1,0,1,0,1,1,1,2,11,12,8,5,0,50,0,1,0,0,1,75
205,130,83,83,1.0,1.0,2300,130,3,0,2,0,1,1,1,1,-1,17,13,8,12,9,75,1,0,0,0,0,25
206,-1,-1,-1,1.0,1.0,2320,-1,3,2,2,0,1,1,0,0,2,11,12,8,2,13,50,1,0,0,0,1,25
207,18,85,85,0.8,1.0,2380,18,3,2,0,0,0,1,0,1,9,6,2,8,14,19,25,0,1,1,1,1,25
208,72,86,86,1.0,1.0,1860,72,3,1,0,1,0,1,1,0,9,6,2,8,12,9,50,0,1,1,0,1,25
209,114,86,86,1.0,1.0,1720,114,3,1,0,1,1,1,1,0,-1,-1,17,8,4,7,75,1,0,0,0,0,50
210,15,88,88,1.0,1.0,2400,15,3,1,0,1,0,0,0,0,6,2,11,8,11,12,75,1,0,0,0,0,100
211,114,-1,-1,1.0,1.0,2060,114,3,1,0,1,0,0,0,1,13,15,5,8,18,3,25,1,0,0,0,0,25
212,109,90,90,1.0,1.0,2460,109,3,0,0,0,1,0,1,0,2,11,12,8,21,5,75,0,1,1,1,1,25
213,-1,90,90,1.0,1.0,1900,-1,3,2,0,0,1,0,0,1,5,1,1,8,0,4,25,1,0,0,0,0,75
214,128,90,90,0.5,0.5,2040,128,3,1,2,1,1,0,0,1,7,0,-1,8,19,20,50,1,0,0,0,1,50
215,114,92,92,1.0,1.0,2240,114,3,1,0,1,0,0,1,0,12,8,4,8,11,12,100,0,1,1,1,0,25
216,23,93,93,1.0,1.0,1840,23,3,1,0,1,0,0,1,1,15,5,1,8,21,5,25,0,1,0,0,0,100
217,100,93,93,0.8,0.8,1700,100,3,1,0,1,0,0,0,1,4,7,0,8,2,13,50,1,0,0,0,1,75
218,63,93,93,1.0,1.0,1620,63,3,1,0,1,1,0,1,1,15,5,1,8,12,9,75,0,1,0,0,0,100
219,114,-1,-1,1.0,1.0,1860,114,3,1,0,1,0,1,0,1,13,15,5,8,6,21,50,0,1,1,0,1,25
220,-1,95,95,1.0,1.0,1900,-1,3,1,0,1,1,0,1,1,1,1,1,8,20,1,25,1,0,0,0,1,75
221,-1,96,96,0.33,0.33,2600,-1,3,2,0,0,0,1,0,0,5,1,1,8,4,7,25,1,0,0,0,1,75
222,53,96,96,0.8,0.8,1780,53,3,2,0,0,0,1,0,0,13,15,5,8,16,10,25,1,0,0,0,0,25
223,81,96,96,0.33,0.33,2120,81,3,2,0,0,0,1,1,1,12,8,4,8,19,20,50,0,1,1,1,1,100
224,100,97,97,1.0,1.0,2460,100,3,1,0,1,0,0,0,1,2,11,12,8,5,0,75,0,1,0,0,1,25
225,83,97,97,0.8,0.8,2380,83,3,1,2,1,0,0,0,0,11,12,8,8,2,13,100,1,0,0,0,1,50
226,60,-1,-1,0.33,0.33,2180,60,3,1,0,1,0,1,1,1,4,7,0,8,18,3,75,1,0,0,0,1,25
227,109,98,98,1.0,1.0,1640,109,3,1,0,1,1,1,0,1,-1,17,13,8,0,4,50,0,1,1,0,1,100
228,76,99,99,0.5,0.5,1900,76,3,1,0,1,0,1,0,0,4,7,0,8,12,9,100,0,1,1,0,1,50
229,100,99,99,1.0,1.0,2160,100,3,1,0,1,0,1,0,1,9,6,2,8,3,16,100,0,1,1,0,1,100
230,106,99,99,0.8,1.0,1680,106,3,1,2,1,0,0,1,0,5,1,1,8,10,6,100,1,0,0,0,1,75
231,18,100,100,1.0,1.0,2520,18,3,1,0,1,0,1,1,0,6,2,11,8,17,15,25,1,0,0,0,0,50
232,53,101,101,0.33,0.5,2240,53,3,0,2,0,0,0,0,0,-1,17,13,8,21,5,25,1,0,0,0,0,75
233,109,106,106,1.0,1.0,2560,109,3,1,0,1,1,1,0,0,3,-1,6,8,16,10,75,1,0,0,0,0,50
234,94,106,106,0.5,0.5,1800,94,3,1,0,1,1,0,0,0,7,0,-1,8,18,3,25,0,1,0,0,0,25
235,72,106,106,0.5,0.5,2480,72,3,1,0,1,1,0,0,1,0,-1,-1,8,6,21,100,1,0,0,0,1,75
236,83,106,106,1.0,1.0,2300,83,3,1,0,1,1,0,1,1,4,7,0,8,20,1,75,0,1,0,0,1,50
237,62,106,106,1.0,1.0,1640,62,3,1,0,1,0,0,0,1,2,11,12,8,6,21,50,0,1,0,0,1,75
238,98,107,107,1.0,1.0,1740,98,3,1,0,1,1,1,0,1,5,1,1,8,14,19,25,0,1,0,0,1,100
239,-1,-1,-1,1.0,1.0,2080,-1,3,0,0,0,1,0,0,0,1,1,1,8,14,19,100,0,1,1,1,1,75
240,55,108,108,0.8,0.8,2540,55,3,2,2,0,1,1,0,1,12,8,4,8,14,19,50,1,0,0,0,1,75
241,109,-1,-1,1.0,1.0,1640,109,3,1,2,1,1,0,1,1,11,12,8,8,5,0,25,1,0,0,0,1,100
242,94,-1,-1,1.0,1.0,2560,94,3,1,0,1,0,1,1,1,8,4,7,8,16,10,75,0,1,0,0,0,100
243,113,110,110,1.0,1.0,2080,113,3,1,0,1,1,1,0,0,6,2,11,8,17,15,100,1,0,0,0,1,75
244,150,0,0,1.0,1.0,2300,150,4,1,0,1,1,1,0,1,5,1,1,8,18,3,75,0,1,1,0,1,100
245,31,0,0,1.0,1.0,2480,31,4,1,0,1,1,1,1,1,12,8,4,8,7,17,25,0,1,0,0,0,100
246,111,1,1,0.5,0.5,1940,111,4,1,0,1,1,1,1,0,1,1,1,8,7,17,75,1,0,0,0,1,100
247,18,2,2,1.0,1.0,2400,18,4,1,0,1,0,0,1,1,6,2,11,8,21,5,25,0,1,0,0,1,75
248,52,2,2,1.0,1.0,2460,52,4,1,0,1,1,0,0,0,14,-1,-1,8,0,4,100,1,0,0,0,1,75
249,100,3,3,1.0,1.0,1880,100,4,1,0,1,1,1,1,1,17,13,15,8,11,12,25,0,1,1,0,1,100
250,106,3,3,0.5,0.5,1660,106,4,1,0,1,1,1,1,1,5,1,1,8,3,16,50,1,0,0,0,0,75
251,53,4,4,0.8,1.0,2040,53,4,0,0,0,1,1,0,0,1,1,1,8,20,1,50,0,1,1,1,1,25
252,84,4,4,1.0,1.0,2220,84,4,1,0,1,0,0,1,0,7,0,-1,8,6,21,25,0,1,0,0,0,75
253,89,4,4,1.0,1.0,2100,89,4,1,0,1,1,1,0,0,7,0,-1,8,0,4,50,1,0,0,0,0,25
254,94,4,4,1.0,1.0,2260,94,4,1,0,1,0,0,1,1,0,-1,-1,8,4,7,50,1,0,0,0,0,50
255,114,4,4,1.0,1.0,1980,114,4,1,0,1,0,1,0,0,8,4,7,8,7,17,75,0,1,0,0,1,25
256,108,4,4,0.8,0.5,1700,108,4,2,0,0,0,1,1,0,9,6,2,8,3,16,75,1,0,0,0,0,50
257,76,4,4,0.8,1.0,1960,76,4,2,0,0,0,1,1,0,14,-1,-1,8,17,15,50,0,1,1,0,0,25
258,114,4,4,1.0,1.0,1960,114,4,2,0,0,1,1,1,0,17,13,15,8,16,10,50,0,1,1,1,1,25
259,24,4,4,1.0,1.0,2400,24,4,1,0,1,0,1,0,0,15,5,1,8,3,16,100,1,0,0,0,0,25
260,100,4,4,1.0,1.0,2360,100,4,1,0,1,1,0,0,1,-1,17,13,8,20,1,100,0,1,0,0,1,25
261,150,4,4,1.0,1.0,2360,150,4,1,0,1,1,1,0,1,15,5,1,8,11,12,50,0,1,0,0,0,25
262,18,4,4,1.0,1.0,2220,18,4,1,0,1,0,1,1,0,5,1,1,8,4,7,100,0,1,1,1,0,75
263,-1,4,4,1.0,1.0,2200,-1,4,1,0,1,0,1,0,1,14,-1,-1,8,2,13,50,0,1,0,0,1,75
264,53,5,5,0.5,0.5,2480,53,4,1,0,1,1,1,0,1,1,1,1,8,13,18,100,0,1,1,1,1,75
265,-1,5,5,1.0,1.0,2340,-1,4,1,0,1,0,0,0,1,1,1,1,8,13,18,50,1,0,0,0,1,25
266,18,5,5,1.0,1.0,2460,18,4,0,0,0,1,1,1,1,7,0,-1,8,5,0,50,0,1,1,1,1,50
267,109,7,7,1.0,1.0,1920,109,4,1,0,1,0,0,0,1,9,6,2,8,11,12,75,0,1,0,0,1,100
268,18,9,9,1.0,1.0,1640,18,4,1,0,1,1,1,0,1,-1,17,13,8,20,1,25,0,1,1,0,0,25
269,53,10,10,1.0,1.0,1860,53,4,1,0,1,0,0,1,0,4,7,0,8,21,5,100,1,0,0,0,1,50
270,83,14,14,1.0,1.0,1760,83,4,1,0,1,1,1,0,0,5,1,1,8,17,15,50,0,1,1,1,1,75
271,89,15,15,1.0,1.0,1960,89,4,1,0,1,0,1,0,1,-1,-1,17,8,10,6,25,0,1,1,0,1,25
272,117,15,15,0.5,0.5,2020,117,4,1,0,1,0,0,1,1,12,8,4,8,0,4,75,1,0,0,0,0,50
273,105,16,16,1.0,1.0,2400,105,4,0,0,0,0,1,0,1,2,11,12,8,10,6,100,0,1,1,1,1,25
274,81,17,17,1.0,1.0,2200,81,4,2,0,0,1,0,1,1,9,6,2,8,12,9,100,1,0,0,0,0,50
275,95,17,17,1.0,1.0,2260,95,4,2,0,0,1,1,0,1,5,1,1,8,12,9,75,0,1,0,0,1,50
276,128,17,17,1.0,1.0,2460,128,4,1,0,1,0,1,1,0,2,11,12,8,13,18,100,1,0,0,0,1,25
277,-1,17,17,0.5,0.5,2140,-1,4,1,0,1,1,0,1,1,-1,17,13,8,20,1,50,0,1,0,0,0,75
278,114,17,17,0.8,0.5,2260,114,4,1,0,1,0,0,1,0,17,13,15,8,10,6,75,1,0,0,0,1,75
279,109,17,17,1.0,1.0,1620,109,4,1,0,1,0,0,0,0,14,-1,-1,8,16,10,100,0,1,1,0,0,100
280,97,17,17,1.0,1.0,2460,97,4,1,0,1,0,1,0,0,0,-1,-1,8,21,5,75,1,0,0,0,0,75
281,-1,17,17,1.0,1.0,1960,-1,4,1,0,1,0,0,0,1,3,-1,6,8,12,9,25,0,1,0,0,0,100
282,100,18,18,1.0,1.0,2200,100,4,2,0,0,0,1,0,1,11,12,8,8,16,10,50,0,1,0,0,1,50
283,-1,18,18,1.0,1.0,2240,-1,4,2,0,0,0,1,0,1,3,-1,6,8,6,21,100,0,1,0,0,1,100
284,-1,18,18,1.0,1.0,1840,-1,4,2,0,0,0,1,1,1,0,-1,-1,8,3,16,75,0,1,1,0,0,100
285,89,18,18,0.5,0.5,2220,89,4,1,2,1,0,1,0,1,1,1,1,8,16,10,75,1,0,0,0,1,50
286,8,19,19,1.0,1.0,1920,8,4,1,0,1,0,1,1,1,-1,-1,17,8,11,12,100,1,0,0,0,1,100
287,109,-1,-1,1.0,1.0,1840,109,4,1,2,1,1,0,1,1,2,11,12,8,19,20,100,1,0,0,0,0,75
288,88,21,21,1.0,1.0,1920,88,4,1,0,1,1,1,0,0,11,12,8,8,12,9,75,1,0,0,0,0,50
289,81,22,22,0.8,0.8,1900,81,4,1,2,1,1,0,1,1,3,-1,6,8,12,9,100,1,0,0,0,1,25
290,15,25,25,1.0,1.0,2260,15,4,2,0,0,1,0,1,1,5,1,1,8,2,13,75,0,1,0,0,1,75
291,148,25,25,1.0,1.0,1800,148,4,2,0,0,0,0,1,0,11,12,8,8,4,7,25,0,1,0,0,1,75
292,109,27,27,1.0,1.0,1980,109,4,1,0,1,0,1,0,1,3,-1,6,8,11,12,100,0,1,0,0,0,100
293,5,28,28,0.5,0.5,2200,5,4,1,0,1,0,1,1,1,3,-1,6,8,12,9,25,0,1,0,0,1,75
294,120,29,29,1.0,1.0,1940,120,4,1,0,1,1,0,0,0,15,5,1,8,3,16,75,0,1,0,0,0,75
295,114,29,29,1.0,1.0,2040,114,4,1,0,1,1,0,1,0,12,8,4,8,6,21,25,0,1,1,1,0,75
296,76,29,29,1.0,1.0,2600,76,4,1,0,1,1,0,0,1,0,-1,-1,8,21,5,50,0,1,1,1,0,50
297,15,29,29,1.0,1.0,2600,15,4,0,0,0,1,0,0,0,6,2,11,8,2,13,100,0,1,1,1,1,75
298,114,29,29,0.8,0.8,1860,114,4,2,2,0,0,1,0,0,-1,-1,17,8,15,14,100,1,0,0,0,0,25
299,109,29,29,1.0,1.0,2440,109,4,2,0,0,0,1,1,0,13,15,5,8,17,15,75,0,1,1,0,1,75
300,82,29,29,0.5,0.5,2440,82,4,2,0,0,1,1,1,1,5,1,1,8,20,1,50,0,1,0,0,0,50
301,15,29,29,1.0,1.0,2460,15,4,1,0,1,0,0,1,1,12,8,4,8,5,0,50,0,1,1,0,0,75
302,100,29,29,0.8,0.8,1760,100,4,1,0,1,1,1,0,1,14,-1,-1,8,0,4,25,1,0,0,0,0,75
303,109,32,32,0.8,0.8,1740,109,4,0,0,0,1,0,1,0,6,2,11,8,4,7,100,0,1,1,0,0,50
304,114,32,32,0.5,0.5,2540,114,4,2,0,0,0,0,1,0,4,7,0,8,18,3,75,0,1,0,0,1,100
305,109,32,32,0.33,0.5,1900,109,4,2,0,0,0,1,0,1,14,-1,-1,8,12,9,100,1,0,0,0,0,50
306,100,32,32,1.0,1.0,2340,100,4,1,0,1,1,1,1,0,1,1,1,8,21,5,75,0,1,1,0,1,50
307,109,32,32,1.0,1.0,2500,109,4,1,0,1,0,0,0,0,2,11,12,8,13,18,100,0,1,0,0,0,50
308,149,32,32,1.0,1.0,2240,149,4,1,0,1,1,0,0,1,6,2,11,8,2,13,25,1,0,0,0,1,50
309,107,32,32,1.0,1.0,2480,107,4,1,0,1,0,1,0,0,11,12,8,8,1,11,75,0,1,1,1,0,100
310,-1,32,32,1.0,1.0,1720,-1,4,1,0,1,1,0,1,0,8,4,7,8,14,19,50,0,1,1,1,1,50
311,72,-1,-1,0.33,0.33,2540,72,4,0,0,0,1,0,1,0,7,0,-1,8,18,3,50,0,1,1,1,1,100
312,18,34,34,1.0,1.0,2020,18,4,0,0,0,0,0,1,0,1,1,1,8,11,12,50,1,0,0,0,0,25
313,4,36,36,1.0,1.0,1900,4,4,2,0,0,0,0,0,1,8,4,7,8,2,13,50,0,1,0,0,0,50
314,18,36,36,1.0,1.0,2000,18,4,2,0,0,1,0,1,0,4,7,0,8,4,7,50,0,1,0,0,0,25
315,-1,36,36,1.0,1.0,2000,-1,4,1,0,1,1,1,1,1,4,7,0,8,20,1,25,0,1,1,1,1,100
316,42,36,36,1.0,1.0,1800,42,4,1,0,1,0,1,0,1,-1,17,13,8,13,18,75,1,0,0,0,0,25
317,84,36,36,1.0,1.0,1880,84,4,1,0,1,1,1,0,0,6,2,11,8,11,12,50,0,1,0,0,0,25
318,114,36,36,1.0,1.0,2160,114,4,0,0,0,0,1,0,1,5,1,1,8,12,9,50,0,1,0,0,1,25
319,-1,36,36,1.0,1.0,2140,-1,4,1,0,1,0,1,1,0,15,5,1,8,0,4,100,1,0,0,0,0,25
320,-1,36,36,0.8,1.0,2580,-1,4,1,2,1,1,0,1,1,17,13,15,8,0,4,75,1,0,0,0,0,25
321,109,36,36,1.0,1.0,2420,109,4,1,0,1,1,1,0,0,2,11,12,8,2,13,75,0,1,0,0,1,100
322,51,37,37,1.0,1.0,1620,51,4,1,0,1,1,0,1,1,7,0,-1,8,13,18,25,1,0,0,0,1,50
323,114,37,37,0.8,0.5,1920,114,4,2,0,0,1,1,0,0,-1,-1,17,8,3,16,25,1,0,0,0,0,100
324,81,37,37,1.0,1.0,2320,81,4,1,0,1,0,1,0,1,5,1,1,8,14,19,50,0,1,1,1,1,100
325,-1,37,37,1.0,1.0,2140,-1,4,1,2,1,0,0,1,0,8,4,7,8,19,20,50,1,0,0,0,0,75
326,18,37,37,1.0,1.0,2560,18,4,1,2,1,0,1,0,0,7,0,-1,8,14,19,75,1,0,0,0,0,100
327,94,37,37,0.8,0.8,2600,94,4,1,0,1,1,0,0,0,4,7,0,8,2,13,50,1,0,0,0,1,50
328,-1,37,37,1.0,1.0,1980,-1,4,1,2,1,1,0,0,0,17,13,15,8,2,13,100,1,0,0,0,0,75
329,-1,37,37,0.8,1.0,1940,-1,4,1,0,1,1,1,1,1,1,1,1,8,12,9,50,1,0,0,0,1,25
330,145,37,37,1.0,1.0,2280,145,4,1,0,1,0,1,1,1,8,4,7,8,14,19,25,1,0,0,0,0,25
331,31,37,37,1.0,1.0,2560,31,4,1,0,1,1,0,1,0,11,12,8,8,3,16,25,1,0,0,0,1,50
332,-1,37,37,1.0,1.0,2220,-1,4,0,0,0,0,0,0,0,11,12,8,8,3,16,50,1,0,0,0,0,25
333,76,37,37,0.5,0.5,2000,76,4,2,0,0,0,1,1,1,8,4,7,8,1,11,25,0,1,0,0,0,25
334,100,37,37,1.0,1.0,1800,100,4,1,2,1,0,0,1,0,11,12,8,8,14,19,75,1,0,0,0,0,100
335,94,37,37,1.0,1.0,2600,94,4,1,2,1,1,1,1,1,13,15,5,8,10,6,50,1,0,0,0,0,100
336,100,37,37,1.0,1.0,1820,100,4,1,2,1,0,1,0,1,14,-1,-1,8,13,18,50,1,0,0,0,0,100
337,95,37,37,1.0,1.0,2240,95,4,1,0,1,0,0,1,1,7,0,-1,8,1,11,75,0,1,0,0,0,25
338,114,37,37,1.0,1.0,1720,114,4,1,0,1,1,1,1,1,17,13,15,8,0,4,50,0,1,1,1,1,50
339,117,37,37,1.0,1.0,2160,117,4,1,0,1,1,0,0,1,17,13,15,8,14,19,25,0,1,0,0,0,100
340,114,37,37,1.0,1.0,2280,114,4,2,0,0,1,0,1,1,14,-1,-1,8,15,14,100,0,1,0,0,1,50
341,45,37,37,1.0,1.0,2220,45,4,2,0,0,0,0,1,0,15,5,1,8,21,5,100,0,1,0,0,0,100
342,14,37,37,0.8,1.0,2060,14,4,1,0,1,1,1,1,0,2,11,12,8,13,18,25,0,1,1,1,1,25
343,12,37,37,0.5,0.5,2480,12,4,1,0,1,0,1,0,0,4,7,0,8,17,15,25,1,0,0,0,0,75
344,112,37,37,1.0,1.0,1740,112,4,1,0,1,1,0,0,1,0,-1,-1,8,0,4,50,0,1,1,1,0,75
345,100,37,37,1.0,1.0,2140,100,4,1,0,1,0,0,0,1,0,-1,-1,8,1,11,50,0,1,1,0,1,100
346,109,37,37,1.0,1.0,2340,109,4,1,0,1,0,0,0,0,12,8,4,8,20,1,75,0,1,0,0,1,25
347,-1,37,37,1.0,1.0,2140,-1,4,1,0,1,0,1,0,0,8,4,7,8,16,10,25,0,1,0,0,1,100
348,151,37,37,1.0,1.0,2260,151,4,2,0,0,1,0,1,0,-1,-1,17,8,20,1,25,1,0,0,0,1,75
349,41,37,37,1.0,1.0,2200,41,4,1,0,1,1,1,1,1,-1,-1,17,8,4,7,100,1,0,0,0,1,100
350,83,37,37,0.8,0.8,2600,83,4,1,0,1,1,1,0,0,17,13,15,8,19,20,25,0,1,1,0,1,100
351,109,37,37,0.8,0.5,1800,109,4,1,0,1,1,0,1,1,9,6,2,8,21,5,50,1,0,0,0,1,100
352,118,37,37,0.33,0.33,1900,118,4,1,0,1,0,0,0,1,17,13,15,8,5,0,25,0,1,0,0,1,50
353,100,37,37,1.0,1.0,1820,100,4,1,0,1,0,1,1,1,-1,17,13,8,11,12,75,1,0,0,0,0,25
354,109,40,40,0.5,0.5,2140,109,4,2,0,0,0,1,0,1,9,6,2,8,15,14,25,0,1,0,0,1,50
355,109,40,40,0.33,0.5,1980,109,4,2,0,0,1,0,0,1,3,-1,6,8,21,5,25,0,1,0,0,0,50
356,5,40,40,0.8,0.8,2020,5,4,1,2,1,1,0,0,1,14,-1,-1,8,14,19,100,1,0,0,0,1,50
357,114,40,40,0.33,0.5,2420,114,4,1,2,1,0,1,0,0,17,13,15,8,0,4,100,1,0,0,0,0,100
358,83,40,40,0.33,0.5,1660,83,4,1,0,1,1,0,1,1,6,2,11,8,12,9,25,0,1,1,0,1,100
359,61,41,41,0.8,0.8,2160,61,4,1,0,1,1,1,0,1,12,8,4,8,2,13,75,0,1,0,0,1,25
360,14,44,44,1.0,1.0,2320,14,4,1,0,1,0,0,0,0,2,11,12,8,3,16,75,0,1,1,0,1,75
361,100,44,44,0.5,0.5,1880,100,4,1,0,1,0,1,0,0,13,15,5,8,1,11,25,1,0,0,0,0,25
362,78,48,48,0.5,0.5,2060,78,4,1,0,1,1,0,0,1,15,5,1,8,17,15,75,1,0,0,0,1,100
363,111,-1,-1,1.0,1.0,2160,111,4,2,0,0,1,0,0,1,6,2,11,8,1,11,100,0,1,1,1,1,50
364,44,54,54,1.0,1.0,2420,44,4,1,0,1,0,1,1,1,4,7,0,8,4,7,50,0,1,1,1,1,25
365,109,-1,-1,1.0,1.0,2400,109,4,1,0,1,1,1,0,1,5,1,1,8,12,9,75,1,0,0,0,1,50
366,15,55,55,1.0,1.0,2240,15,4,1,2,1,1,0,1,0,4,7,0,8,3,16,75,1,0,0,0,0,25
367,63,58,58,1.0,1.0,2520,63,4,1,0,1,0,0,1,1,9,6,2,8,11,12,50,0,1,1,1,0,50
368,2,58,58,1.0,1.0,1800,2,4,0,0,0,1,0,1,0,6,2,11,8,3,16,100,1,0,0,0,0,50
369,117,58,58,0.8,0.8,2260,117,4,2,0,0,1,0,1,0,6,2,11,8,6,21,75,1,0,0,0,0,50
370,-1,58,58,0.5,0.5,2180,-1,4,2,0,0,1,0,0,1,3,-1,6,8,2,13,75,1,0,0,0,0,50
371,114,58,58,1.0,1.0,2340,114,4,1,0,1,1,0,1,0,15,5,1,8,7,17,75,0,1,0,0,0,75
372,100,58,58,1.0,1.0,2100,100,4,1,0,1,1,0,1,1,3,-1,6,8,7,17,100,0,1,0,0,1,50
373,114,58,58,0.5,0.5,2580,114,4,1,2,1,1,0,1,0,1,1,1,8,20,1,50,1,0,0,0,0,25
374,18,58,58,1.0,1.0,2540,18,4,1,0,1,0,0,1,0,-1,-1,17,8,17,15,75,0,1,0,0,0,25
375,114,58,58,0.5,0.5,2040,114,4,1,0,1,0,1,1,1,13,15,5,8,10,6,25,0,1,0,0,0,75
376,114,58,58,0.8,1.0,1740,114,4,1,0,1,0,0,1,1,1,1,1,8,0,4,75,0,1,1,0,0,100
377,18,58,58,1.0,1.0,2320,18,4,1,0,1,0,0,0,1,-1,17,13,8,0,4,100,0,1,1,0,0,100
378,138,58,58,1.0,1.0,1980,138,4,1,0,1,1,0,1,1,5,1,1,8,1,11,50,0,1,0,0,0,75
379,81,58,58,1.0,1.0,2340,81,4,1,0,1,0,1,1,1,9,6,2,8,5,0,50,0,1,0,0,0,25
380,87,58,58,1.0,1.0,2500,87,4,1,0,1,0,0,0,0,5,1,1,8,3,16,25,0,1,1,0,0,50
381,100,58,58,1.0,1.0,1740,100,4,1,0,1,1,1,1,1,-1,-1,17,8,12,9,25,0,1,0,0,1,50
382,89,58,58,0.5,0.5,2520,89,4,0,0,0,1,1,0,0,3,-1,6,8,1,11,25,0,1,1,0,1,100
383,3,59,59,1.0,1.0,1940,3,4,2,0,0,1,0,1,0,-1,17,13,8,2,13,100,0,1,0,0,1,75
384,17,60,60,0.8,0.8,2000,17,4,2,0,0,0,0,0,0,11,12,8,8,7,17,100,1,0,0,0,1,50
385,15,64,64,1.0,1.0,2120,15,4,1,0,1,1,0,0,0,14,-1,-1,8,7,17,75,0,1,1,0,0,75
386,32,65,65,1.0,1.0,2540,32,4,1,2,1,0,1,1,1,14,-1,-1,8,5,0,100,1,0,0,0,0,25
387,94,65,65,1.0,1.0,2460,94,4,1,0,1,1,1,0,1,2,11,12,8,2,13,50,0,1,1,0,0,75
388,114,65,65,1.0,1.0,2160,114,4,1,0,1,1,0,1,1,14,-1,-1,8,0,4,100,0,1,1,0,0,75
389,63,65,65,1.0,1.0,2100,63,4,2,0,0,1,1,1,0,6,2,11,8,21,5,75,0,1,1,1,0,50
390,94,65,65,0.8,0.8,2160,94,4,1,0,1,1,1,0,0,3,-1,6,8,15,14,75,1,0,0,0,0,100
391,114,65,65,1.0,1.0,2360,114,4,1,2,1,0,0,0,0,1,1,1,8,16,10,50,1,0,0,0,0,100
392,114,65,65,1.0,1.0,1720,114,4,1,0,1,0,0,1,1,11,12,8,8,4,7,75,0,1,1,1,1,100
393,109,65,65,1.0,1.0,2280,109,4,1,0,1,0,0,1,0,6,2,11,8,3,16,100,0,1,0,0,1,100
394,89,65,65,1.0,1.0,2140,89,4,1,0,1,0,0,0,0,15,5,1,8,21,5,75,1,0,0,0,0,75
395,137,65,65,1.0,1.0,2380,137,4,1,0,1,1,1,0,0,15,5,1,8,19,20,50,1,0,0,0,1,25
396,76,65,65,1.0,1.0,1860,76,4,2,0,0,0,0,0,0,14,-1,-1,8,13,18,100,1,0,0,0,0,25
397,109,65,65,1.0,1.0,1620,109,4,1,0,1,0,0,0,0,9,6,2,8,15,14,75,0,1,0,0,1,50
398,-1,65,65,1.0,1.0,2540,-1,4,1,0,1,0,1,1,1,1,1,1,8,11,12,25,0,1,1,1,1,75
399,-1,65,65,1.0,1.0,2140,-1,4,1,0,1,1,0,0,1,9,6,2,8,20,1,75,0,1,0,0,1,75
400,18,65,65,1.0,1.0,2120,18,4,1,2,1,1,1,1,0,9,6,2,8,18,3,100,1,0,0,0,0,50
401,131,65,65,1.0,1.0,1680,131,4,1,0,1,0,0,0,1,11,12,8,8,6,21,100,0,1,0,0,0,50
402,114,65,65,0.33,0.5,1820,114,4,1,0,1,0,1,0,0,17,13,15,8,3,16,50,1,0,0,0,0,50
403,109,65,65,1.0,1.0,1660,109,4,1,0,1,1,0,0,1,7,0,-1,8,12,9,100,1,0,0,0,0,25
404,70,65,65,1.0,1.0,2140,70,4,1,0,1,0,0,0,1,7,0,-1,8,2,13,75,1,0,0,0,0,50
405,94,65,65,1.0,1.0,2340,94,4,1,2,1,1,1,0,1,1,1,1,8,18,3,25,1,0,0,0,1,50
406,-1,66,66,1.0,1.0,2140,-1,4,1,0,1,1,0,0,0,15,5,1,8,11,12,100,0,1,0,0,0,75
407,100,66,66,1.0,1.0,2120,100,4,0,0,0,0,1,1,0,0,-1,-1,8,15,14,75,0,1,1,0,1,25
408,63,66,66,1.0,1.0,2040,63,4,0,0,0,1,1,0,0,7,0,-1,8,21,5,75,0,1,0,0,0,100
409,124,66,66,1.0,1.0,1880,124,4,2,0,0,0,0,0,0,5,1,1,8,4,7,25,1,0,0,0,0,25
410,128,66,66,1.0,1.0,2360,128,4,1,0,1,0,0,0,1,17,13,15,8,12,9,25,1,0,0,0,0,50
411,109,68,68,1.0,1.0,1740,109,4,1,0,1,1,1,0,1,2,11,12,8,5,0,25,0,1,0,0,0,25
412,114,68,68,1.0,1.0,2540,114,4,1,0,1,1,1,1,0,11,12,8,8,14,19,75,1,0,0,0,0,25
413,95,68,68,1.0,1.0,1720,95,4,1,0,1,1,0,1,1,-1,17,13,8,18,3,100,0,1,0,0,1,75
414,128,68,68,1.0,1.0,1860,128,4,1,0,1,0,0,1,0,3,-1,6,8,3,16,75,0,1,1,0,1,25
415,138,68,68,1.0,1.0,1620,138,4,1,0,1,0,0,0,0,13,15,5,8,17,15,75,0,1,1,1,1,75
416,0,68,68,1.0,1.0,2340,0,4,2,0,0,1,1,1,1,-1,-1,17,8,6,21,100,0,1,0,0,1,100
417,-1,68,68,0.5,0.5,2220,-1,4,2,0,0,0,1,0,1,12,8,4,8,0,4,25,1,0,0,0,0,25
418,90,68,68,1.0,1.0,2440,90,4,1,0,1,1,1,0,0,17,13,15,8,16,10,25,0,1,0,0,1,75
419,100,68,68,1.0,1.0,1980,100,4,1,0,1,0,0,1,0,5,1,1,8,6,21,75,0,1,0,0,1,50
420,18,68,68,0.5,0.5,1740,18,4,1,0,1,0,0,1,1,13,15,5,8,21,5,75,0,1,0,0,1,75
421,50,68,68,0.8,1.0,2120,50,4,1,0,1,1,1,1,0,0,-1,-1,8,17,15,75,0,1,0,0,0,75
422,18,68,68,1.0,1.0,2500,18,4,1,0,1,0,0,1,0,17,13,15,8,14,19,25,1,0,0,0,1,75
423,19,68,68,1.0,1.0,2260,19,4,1,2,1,0,0,0,1,2,11,12,8,20,1,25,1,0,0,0,0,100
424,114,68,68,1.0,1.0,2120,114,4,1,0,1,1,0,1,1,-1,-1,17,8,15,14,25,0,1,0,0,0,25
425,-1,68,68,1.0,1.0,2400,-1,4,1,0,1,1,1,0,0,-1,17,13,8,2,13,50,1,0,0,0,1,75
426,-1,68,68,1.0,1.0,2180,-1,4,1,2,1,0,0,1,1,3,-1,6,8,11,12,25,1,0,0,0,1,25
427,78,68,68,1.0,1.0,1980,78,4,1,0,1,0,0,1,0,4,7,0,8,7,17,75,0,1,0,0,1,50
428,86,68,68,1.0,1.0,1660,86,4,1,0,1,0,1,1,0,-1,-1,17,8,10,6,25,1,0,0,0,1,75
429,78,68,68,1.0,1.0,2580,78,4,0,0,0,1,1,1,1,14,-1,-1,8,6,21,75,0,1,0,0,0,75
430,138,68,68,1.0,1.0,2000,138,4,2,0,0,1,0,0,0,1,1,1,8,1,11,100,0,1,1,0,1,50
431,56,68,68,0.8,0.8,2100,56,4,2,0,0,0,0,1,0,14,-1,-1,8,2,13,75,0,1,1,1,1,50
432,100,68,68,0.8,0.5,1780,100,4,1,2,1,1,1,1,1,17,13,15,8,18,3,50,1,0,0,0,0,75
433,109,68,68,1.0,1.0,2480,109,4,1,2,1,0,1,1,1,11,12,8,8,11,12,50,1,0,0,0,0,75
434,69,68,68,1.0,1.0,2280,69,4,1,0,1,1,1,0,1,17,13,15,8,7,17,75,0,1,0,0,1,75
435,100,68,68,1.0,1.0,2120,100,4,1,0,1,1,1,1,1,5,1,1,8,16,10,75,0,1,1,1,0,50
436,100,68,68,1.0,1.0,2220,100,4,1,0,1,1,1,1,1,15,5,1,8,16,10,100,0,1,0,0,0,25
437,100,68,68,0.8,0.8,1840,100,4,1,0,1,0,0,0,1,7,0,-1,8,10,6,50,1,0,0,0,0,25
438,14,68,68,1.0,1.0,2160,14,4,1,0,1,1,1,0,1,-1,-1,17,8,4,7,25,1,0,0,0,0,50
439,94,68,68,0.5,0.5,2480,94,4,1,2,1,1,0,1,0,13,15,5,8,15,14,25,1,0,0,0,0,25
440,109,68,68,1.0,1.0,2040,109,4,0,2,0,1,1,1,0,7,0,-1,8,0,4,75,1,0,0,0,0,50
441,100,68,68,0.8,0.8,1860,100,4,2,2,0,1,0,1,0,14,-1,-1,8,20,1,100,1,0,0,0,0,50
442,-1,68,68,1.0,1.0,2500,-1,4,2,0,0,1,0,1,1,8,4,7,8,5,0,50,1,0,0,0,0,100
443,53,68,68,1.0,1.0,1660,53,4,1,0,1,1,1,1,0,12,8,4,8,0,4,75,0,1,1,0,1,75
444,76,68,68,1.0,1.0,2360,76,4,1,0,1,1,0,0,0,8,4,7,8,12,9,50,0,1,1,0,1,50
445,-1,68,68,0.5,0.5,2200,-1,4,1,2,1,0,0,1,1,14,-1,-1,8,1,11,25,1,0,0,0,0,50
446,102,68,68,0.33,0.5,2340,102,4,1,0,1,1,0,1,0,3,-1,6,8,1,11,25,0,1,0,0,1,50
447,84,68,68,1.0,1.0,2100,84,4,1,0,1,0,0,0,1,3,-1,6,8,6,21,50,1,0,0,0,1,50
448,113,68,68,1.0,1.0,1800,113,4,0,0,0,1,0,0,1,11,12,8,8,16,10,100,0,1,0,0,0,50
449,81,68,68,0.8,0.5,1880,81,4,2,0,0,0,0,1,0,1,1,1,8,11,12,50,0,1,0,0,0,100
450,84,68,68,1.0,1.0,2280,84,4,1,0,1,0,1,0,0,4,7,0,8,2,13,100,1,0,0,0,0,75
451,109,68,68,1.0,1.0,1720,109,4,1,0,1,0,0,1,1,3,-1,6,8,19,20,25,0,1,1,0,1,75
452,-1,68,68,1.0,1.0,1840,-1,4,1,0,1,0,1,1,0,17,13,15,8,10,6,75,1,0,0,0,1,100
453,-1,68,68,0.33,0.5,1640,-1,4,1,0,1,0,0,0,1,12,8,4,8,6,21,50,1,0,0,0,0,100
454,139,68,68,1.0,1.0,2520,139,4,1,0,1,1,0,1,0,7,0,-1,8,4,7,100,0,1,0,0,1,100
455,114,68,68,1.0,1.0,1700,114,4,1,0,1,1,0,1,1,5,1,1,8,5,0,50,0,1,0,0,1,100
456,-1,68,68,0.8,0.8,1620,-1,4,2,0,0,0,1,0,1,9,6,2,8,18,3,50,1,0,0,0,0,75
457,93,68,68,1.0,1.0,2500,93,4,1,2,1,0,1,0,1,1,1,1,8,0,4,75,1,0,0,0,0,25
458,111,68,68,1.0,1.0,1900,111,4,1,0,1,1,0,1,1,15,5,1,8,5,0,50,0,1,0,0,1,25
459,136,68,68,0.8,0.8,1900,136,4,1,2,1,0,1,1,1,1,1,1,8,2,13,50,1,0,0,0,0,25
460,-1,68,68,0.8,0.5,2380,-1,4,1,2,1,0,1,0,0,8,4,7,8,17,15,25,1,0,0,0,1,100
461,-1,70,70,1.0,1.0,1980,-1,4,1,0,1,1,1,0,1,14,-1,-1,8,5,0,100,1,0,0,0,0,50
462,81,70,70,0.8,0.8,1720,81,4,1,0,1,0,1,0,1,-1,17,13,8,10,6,75,1,0,0,0,0,50
463,75,70,70,1.0,1.0,2080,75,4,1,0,1,0,0,0,1,12,8,4,8,2,13,75,0,1,0,0,0,100
464,96,74,74,1.0,1.0,2260,96,4,1,0,1,1,0,0,0,4,7,0,8,16,10,100,0,1,0,0,0,50
465,53,76,76,0.8,0.8,2000,53,4,1,0,1,0,1,0,1,-1,17,13,8,11,12,100,0,1,0,0,1,75
466,18,78,78,0.8,0.8,1980,18,4,1,0,1,0,0,0,0,7,0,-1,8,6,21,50,1,0,0,0,0,75
467,109,80,80,1.0,1.0,1960,109,4,1,0,1,1,0,1,1,1,1,1,8,5,0,100,0,1,0,0,0,75
468,-1,-1,-1,1.0,1.0,1880,-1,4,1,0,1,1,1,1,0,11,12,8,8,12,9,50,0,1,1,0,1,25
469,100,81,81,1.0,1.0,1640,100,4,1,0,1,1,1,1,0,14,-1,-1,8,16,10,100,1,0,0,0,0,100
470,109,84,84,1.0,1.0,1840,109,4,2,0,0,1,1,0,0,5,1,1,8,2,13,100,1,0,0,0,0,50
471,18,86,86,1.0,1.0,2260,18,4,1,0,1,1,1,1,0,11,12,8,8,14,19,75,0,1,1,0,1,75
472,28,86,86,1.0,1.0,1940,28,4,1,0,1,0,0,0,1,0,-1,-1,8,6,21,100,1,0,0,0,1,25
473,136,86,86,1.0,1.0,2540,136,4,1,2,1,1,1,0,1,15,5,1,8,7,17,50,1,0,0,0,1,25
474,75,89,89,1.0,1.0,2180,75,4,1,0,1,0,0,1,0,15,5,1,8,21,5,75,0,1,1,0,1,25
475,117,89,89,1.0,1.0,1640,117,4,1,0,1,0,1,0,0,8,4,7,8,12,9,100,0,1,0,0,1,100
476,-1,90,90,0.8,0.8,2100,-1,4,0,0,0,1,0,1,0,9,6,2,8,19,20,25,1,0,0,0,1,75
477,100,90,90,1.0,1.0,2360,100,4,0,0,0,1,0,0,0,-1,17,13,8,21,5,75,0,1,0,0,0,50
478,100,90,90,1.0,1.0,1920,100,4,1,0,1,1,1,1,0,3,-1,6,8,6,21,100,0,1,1,1,1,50
479,103,91,91,0.33,0.33,2140,103,4,1,0,1,1,0,0,1,2,11,12,8,3,16,100,1,0,0,0,1,75
480,105,92,92,1.0,1.0,1820,105,4,1,0,1,0,1,0,1,8,4,7,8,11,12,75,0,1,0,0,0,25
481,72,94,94,1.0,1.0,1700,72,4,1,2,1,0,1,1,0,14,-1,-1,8,12,9,75,1,0,0,0,0,25
482,152,94,94,1.0,1.0,1900,152,4,1,0,1,0,0,1,1,12,8,4,8,19,20,25,1,0,0,0,0,100
483,106,96,96,1.0,1.0,2020,106,4,2,0,0,1,0,0,1,-1,17,13,8,2,13,25,0,1,1,1,1,75
484,51,96,96,1.0,1.0,2520,51,4,2,0,0,0,0,0,1,12,8,4,8,13,18,75,0,1,0,0,0,100
485,109,97,97,1.0,1.0,1820,109,4,1,0,1,0,1,1,0,0,-1,-1,8,17,15,100,1,0,0,0,1,100
486,76,97,97,0.8,1.0,2280,76,4,1,0,1,0,1,1,0,1,1,1,8,10,6,50,1,0,0,0,1,50
487,-1,-1,-1,0.8,0.8,2000,-1,4,1,0,1,1,1,1,0,15,5,1,8,3,16,25,0,1,1,1,1,75
488,15,100,100,1.0,1.0,1960,15,4,1,0,1,0,1,0,0,11,12,8,8,20,1,50,0,1,0,0,0,100
489,94,103,103,1.0,1.0,1640,94,4,2,0,0,1,1,0,1,11,12,8,8,6,21,25,0,1,1,1,1,25
490,128,105,105,0.8,0.8,2000,128,4,1,0,1,0,0,0,0,-1,-1,17,8,5,0,50,1,0,0,0,1,50
491,18,107,107,0.33,0.33,2080,18,4,1,2,1,0,0,1,1,1,1,1,8,15,14,25,1,0,0,0,1,50
492,21,107,107,1.0,1.0,2460,21,4,1,0,1,1,1,1,0,12,8,4,8,12,9,25,1,0,0,0,1,75
493,-1,107,107,1.0,1.0,2160,-1,4,1,0,1,1,1,1,0,6,2,11,8,10,6,50,1,0,0,0,0,75
494,18,108,108,1.0,1.0,2140,18,4,0,0,0,1,0,0,0,13,15,5,8,16,10,75,0,1,0,0,0,25
495,100,108,108,1.0,1.0,1980,100,4,0,0,0,1,0,1,1,-1,17,13,8,21,5,25,1,0,0,0,1,50
496,114,108,108,0.8,1.0,2300,114,4,2,0,0,1,0,1,1,9,6,2,8,6,21,25,0,1,0,0,1,100
497,101,109,109,1.0,1.0,2020,101,4,2,0,0,1,0,0,0,1,1,1,8,15,14,75,1,0,0,0,1,50
498,116,111,111,1.0,1.0,2260,116,4,1,0,1,0,0,0,0,5,1,1,8,21,5,50,0,1,0,0,1,75
499,75,0,0,1.0,1.0,2140,75,2,1,2,1,1,1,0,0,0,-1,-1,8,6,21,75,1,0,0,0,1,100
500,100,1,1,1.0,1.0,1660,100,2,1,0,1,1,1,0,0,-1,-1,17,8,14,19,25,1,0,0,0,1,50
501,53,1,1,1.0,1.0,1640,53,2,1,2,1,1,0,0,0,1,1,1,8,10,6,50,1,0,0,0,1,75
502,113,1,1,1.0,1.0,2380,113,2,1,0,1,0,0,0,0,1,1,1,8,15,14,75,0,1,0,0,0,50
503,31,3,3,1.0,1.0,2000,31,2,1,2,1,0,1,0,0,2,11,12,8,7,17,25,1,0,0,0,1,25
504,102,4,4,1.0,1.0,2580,102,2,0,0,0,0,1,0,0,9,6,2,8,15,14,100,0,1,0,0,1,50
505,148,4,4,1.0,1.0,2380,148,2,0,0,0,0,1,0,0,9,6,2,8,6,21,75,0,1,0,0,0,50
506,113,4,4,1.0,1.0,1920,113,2,2,0,0,0,0,0,0,4,7,0,8,3,16,75,0,1,0,0,1,25
507,-1,4,4,0.5,0.5,2220,-1,2,1,0,1,0,1,0,0,4,7,0,8,6,21,75,0,1,1,1,1,75
508,106,4,4,0.5,0.5,1840,106,2,1,0,1,1,0,1,0,5,1,1,8,2,13,25,0,1,0,0,0,75
509,49,4,4,1.0,1.0,2160,49,2,1,0,1,1,1,1,0,9,6,2,8,1,11,25,1,0,0,0,1,100
510,69,4,4,0.33,0.33,1740,69,2,1,0,1,0,0,1,0,13,15,5,8,14,19,50,0,1,1,1,1,75
511,54,4,4,0.5,0.5,2260,54,2,1,0,1,0,0,0,1,6,2,11,8,17,15,25,1,0,0,0,1,50
512,145,4,4,1.0,1.0,1620,145,2,1,2,1,1,1,1,1,5,1,1,8,20,1,100,1,0,0,0,1,25
513,114,4,4,1.0,1.0,2600,114,2,1,2,1,1,0,0,1,17,13,15,8,7,17,75,1,0,0,0,1,25
514,62,4,4,1.0,1.0,2060,62,2,1,2,1,0,0,0,0,12,8,4,8,11,12,25,1,0,0,0,0,25
515,14,4,4,1.0,1.0,2380,14,2,1,0,1,1,1,1,1,-1,-1,17,8,11,12,50,0,1,0,0,0,25
516,94,4,4,0.33,0.5,2200,94,2,0,0,0,1,0,1,1,11,12,8,8,3,16,25,0,1,0,0,0,100
517,109,4,4,1.0,1.0,1720,109,2,0,0,0,0,1,1,0,9,6,2,8,17,15,100,1,0,0,0,0,25
518,116,4,4,1.0,1.0,2380,116,2,1,0,1,0,0,1,0,13,15,5,8,4,7,25,0,1,1,1,0,100
519,114,4,4,1.0,1.0,1700,114,2,1,0,1,1,1,0,0,11,12,8,8,21,5,75,0,1,1,0,1,25
520,109,4,4,1.0,1.0,1860,109,2,1,0,1,0,1,0,0,9,6,2,8,7,17,100,0,1,1,0,1,100
521,26,4,4,0.8,0.8,1780,26,2,1,0,1,1,0,1,0,8,4,7,8,6,21,75,0,1,1,1,1,25
522,-1,5,5,1.0,1.0,2360,-1,2,1,2,1,1,1,1,1,2,11,12,8,2,13,75,1,0,0,0,0,25
523,-1,5,5,1.0,1.0,1800,-1,2,1,0,1,1,0,1,1,2,11,12,8,16,10,50,1,0,0,0,0,25
524,18,6,6,1.0,1.0,2460,18,2,2,0,0,1,1,0,0,8,4,7,8,3,16,25,0,1,0,0,0,25
525,-1,6,6,1.0,1.0,2080,-1,2,2,0,0,1,1,0,1,15,5,1,8,20,1,50,0,1,1,1,0,50
526,15,6,6,1.0,1.0,2120,15,2,1,2,1,0,0,1,1,14,-1,-1,8,16,10,100,1,0,0,0,1,100
527,95,-1,-1,1.0,1.0,1920,95,2,1,0,1,0,0,1,1,-1,17,13,8,19,20,25,1,0,0,0,0,100
528,100,12,12,0.8,0.8,1820,100,2,1,0,1,0,1,1,0,11,12,8,8,11,12,25,1,0,0,0,0,25
529,114,15,15,0.8,1.0,1680,114,2,1,0,1,0,1,0,1,-1,-1,17,8,14,19,75,0,1,1,1,1,100
530,78,15,15,0.8,0.5,2460,78,2,1,0,1,0,1,1,0,8,4,7,8,16,10,100,0,1,1,1,0,50
531,94,17,17,1.0,1.0,2500,94,2,2,0,0,0,0,1,1,1,1,1,8,15,14,50,0,1,1,1,0,100
532,100,17,17,1.0,1.0,2080,100,2,1,2,1,1,0,0,1,0,-1,-1,8,5,0,50,1,0,0,0,1,100
533,6,17,17,0.8,1.0,2220,6,2,1,2,1,0,1,1,0,15,5,1,8,2,13,75,1,0,0,0,1,75
534,109,17,17,0.5,0.5,2040,109,2,1,0,1,0,1,0,1,7,0,-1,8,3,16,25,0,1,1,0,0,100
535,53,17,17,1.0,1.0,2200,53,2,1,0,1,1,0,0,1,17,13,15,8,20,1,50,0,1,1,0,1,75
536,-1,17,17,1.0,1.0,1720,-1,2,1,2,1,1,0,1,0,6,2,11,8,12,9,75,1,0,0,0,0,25
537,100,17,17,1.0,1.0,2220,100,2,1,0,1,0,1,1,1,7,0,-1,8,2,13,50,1,0,0,0,0,100
538,67,18,18,1.0,1.0,2420,67,2,2,0,0,0,1,0,0,3,-1,6,8,11,12,50,0,1,1,1,1,25
539,33,18,18,1.0,1.0,2020,33,2,1,0,1,1,0,1,0,3,-1,6,8,15,14,25,0,1,1,1,0,50
540,115,19,19,1.0,1.0,1620,115,2,1,0,1,0,0,1,1,15,5,1,8,12,9,25,0,1,1,1,0,75
541,109,20,20,1.0,1.0,2500,109,2,1,0,1,1,0,1,0,17,13,15,8,11,12,100,0,1,1,1,1,100
542,114,23,23,1.0,1.0,2000,114,2,1,0,1,0,0,1,0,5,1,1,8,18,3,25,1,0,0,0,1,100
543,94,26,26,1.0,1.0,1700,94,2,2,0,0,1,1,0,0,9,6,2,8,13,18,100,0,1,1,0,1,100
544,109,27,27,1.0,1.0,1980,109,2,1,0,1,0,1,1,0,8,4,7,8,15,14,75,0,1,1,1,1,50
545,136,-1,-1,0.8,1.0,2360,136,2,1,0,1,0,0,0,1,4,7,0,8,17,15,100,1,0,0,0,0,25
546,143,28,28,0.8,0.5,1760,143,2,1,0,1,0,1,0,0,15,5,1,8,17,15,100,0,1,1,0,0,50
547,98,28,28,0.8,1.0,2220,98,2,1,0,1,0,0,0,0,3,-1,6,8,4,7,25,0,1,1,1,0,75
548,-1,29,29,0.8,0.8,2480,-1,2,1,0,1,1,1,0,1,1,1,1,8,11,12,75,1,0,0,0,0,25
549,10,29,29,0.33,0.33,2240,10,2,1,2,1,1,1,1,1,0,-1,-1,8,6,21,25,1,0,0,0,1,25
550,109,29,29,1.0,1.0,2140,109,2,1,2,1,1,1,0,1,0,-1,-1,8,10,6,25,1,0,0,0,1,25
551,109,29,29,1.0,1.0,1800,109,2,1,2,1,1,0,0,1,14,-1,-1,8,14,19,75,1,0,0,0,0,25
552,114,29,29,1.0,1.0,2340,114,2,1,0,1,0,0,1,0,6,2,11,8,18,3,50,1,0,0,0,0,25
553,109,29,29,0.5,0.5,2280,109,2,0,0,0,0,1,0,0,6,2,11,8,16,10,50,0,1,1,0,0,25
554,83,29,29,0.33,0.33,1920,83,2,1,0,1,0,0,0,0,2,11,12,8,4,7,75,0,1,1,1,1,75
555,-1,29,29,1.0,1.0,1940,-1,2,1,0,1,0,0,1,1,3,-1,6,8,7,17,25,0,1,1,0,1,100
556,94,29,29,1.0,1.0,1800,94,2,1,0,1,0,1,0,0,1,1,1,8,15,14,50,0,1,1,0,1,25
557,-1,29,29,0.8,0.5,2160,-1,2,1,0,1,0,0,1,1,6,2,11,8,12,9,100,0,1,1,0,0,75
558,109,29,29,1.0,1.0,2400,109,2,1,0,1,1,1,1,1,11,12,8,8,14,19,75,1,0,0,0,0,75
559,95,29,29,1.0,1.0,2280,95,2,1,0,1,0,0,0,0,15,5,1,8,14,19,25,1,0,0,0,1,50
560,114,29,29,0.33,0.33,1640,114,2,1,0,1,0,0,1,0,8,4,7,8,2,13,25,0,1,0,0,1,50
561,63,29,29,0.8,0.8,1840,63,2,1,0,1,1,0,0,0,14,-1,-1,8,13,18,50,1,0,0,0,1,25
562,94,32,32,1.0,1.0,2220,94,2,1,0,1,0,0,1,0,0,-1,-1,8,18,3,25,0,1,1,0,0,100
563,109,32,32,1.0,1.0,2320,109,2,1,0,1,0,0,1,1,7,0,-1,8,0,4,50,0,1,0,0,0,75
564,151,32,32,1.0,1.0,2500,151,2,1,0,1,1,1,0,0,11,12,8,8,19,20,50,1,0,0,0,0,75
565,74,32,32,1.0,1.0,1840,74,2,1,0,1,0,1,1,0,0,-1,-1,8,12,9,100,0,1,0,0,0,25
566,150,32,32,0.8,0.8,2180,150,2,1,0,1,1,0,0,0,11,12,8,8,7,17,25,0,1,1,0,0,50
567,113,32,32,0.5,0.5,2300,113,2,1,2,1,1,1,1,1,14,-1,-1,8,1,11,50,1,0,0,0,0,100
568,106,34,34,1.0,1.0,2000,106,2,0,0,0,1,1,1,1,9,6,2,8,20,1,75,0,1,1,0,0,75
569,14,36,36,1.0,1.0,1700,14,2,2,0,0,0,0,1,0,11,12,8,8,15,14,100,1,0,0,0,0,100
570,149,36,36,0.5,0.5,2200,149,2,1,2,1,0,0,1,0,4,7,0,8,7,17,75,1,0,0,0,1,25
571,114,36,36,1.0,1.0,2300,114,2,1,0,1,1,1,1,1,14,-1,-1,8,11,12,75,1,0,0,0,1,25
572,103,36,36,0.8,0.8,2400,103,2,1,0,1,0,1,1,1,11,12,8,8,6,21,100,0,1,0,0,1,50
573,146,36,36,0.5,0.5,2600,146,2,1,0,1,0,1,0,0,13,15,5,8,15,14,50,0,1,1,1,1,100
574,109,36,36,0.8,1.0,1660,109,2,1,0,1,0,1,1,1,11,12,8,8,7,17,100,0,1,0,0,0,75
575,18,36,36,1.0,1.0,1820,18,2,0,0,0,1,0,1,1,-1,-1,17,8,2,13,25,0,1,1,1,1,75
576,83,36,36,0.8,0.8,2440,83,2,2,0,0,1,0,0,0,0,-1,-1,8,6,21,25,1,0,0,0,1,75
577,72,36,36,1.0,1.0,2240,72,2,2,0,0,1,1,1,0,-1,-1,17,8,11,12,50,0,1,1,0,0,50
578,113,36,36,1.0,1.0,2480,113,2,1,0,1,1,0,0,1,5,1,1,8,18,3,25,1,0,0,0,1,100
579,114,36,36,1.0,1.0,2380,114,2,1,0,1,0,1,1,0,5,1,1,8,5,0,75,0,1,1,0,0,100
580,14,36,36,1.0,1.0,1640,14,2,1,0,1,0,1,1,0,9,6,2,8,4,7,25,1,0,0,0,0,75
581,100,36,36,1.0,1.0,2160,100,2,1,0,1,1,1,0,0,1,1,1,8,15,14,100,1,0,0,0,0,100
582,46,36,36,1.0,1.0,2480,46,2,1,0,1,1,0,0,0,-1,-1,17,8,5,0,25,1,0,0,0,1,50
583,132,-1,-1,1.0,1.0,1660,132,2,1,0,1,1,1,1,0,13,15,5,8,15,14,50,0,1,0,0,0,100
584,114,37,37,1.0,1.0,2160,114,2,1,0,1,0,0,0,0,-1,17,13,8,17,15,25,1,0,0,0,1,100
585,90,37,37,0.33,0.33,2300,90,2,2,0,0,0,0,0,1,1,1,1,8,12,9,25,0,1,1,0,0,75
586,-1,37,37,1.0,1.0,1740,-1,2,1,0,1,0,1,1,1,12,8,4,8,0,4,75,1,0,0,0,0,100
587,9,37,37,0.33,0.5,2220,9,2,1,0,1,1,1,0,1,8,4,7,8,0,4,50,0,1,0,0,0,50
588,-1,37,37,1.0,1.0,2080,-1,2,1,0,1,0,0,0,1,7,0,-1,8,16,10,25,0,1,0,0,1,100
589,42,37,37,1.0,1.0,2580,42,2,1,0,1,0,1,1,1,6,2,11,8,1,11,100,0,1,1,0,1,50
590,-1,37,37,1.0,1.0,2040,-1,2,1,0,1,1,1,0,0,15,5,1,8,20,1,50,0,1,0,0,1,100
591,20,37,37,0.8,0.8,1660,20,2,1,0,1,0,0,1,1,17,13,15,8,1,11,25,0,1,0,0,0,75
592,60,37,37,0.5,0.5,2440,60,2,0,0,0,1,1,0,0,13,15,5,8,5,0,25,1,0,0,0,1,25
593,51,37,37,1.0,1.0,1800,51,2,2,0,0,1,0,0,0,8,4,7,8,10,6,50,0,1,1,1,1,50
594,12,37,37,0.8,1.0,1720,12,2,1,0,1,0,1,0,1,0,-1,-1,8,12,9,75,0,1,0,0,1,25
595,100,37,37,1.0,1.0,1760,100,2,1,0,1,0,1,1,1,6,2,11,8,5,0,25,0,1,1,1,0,100
596,-1,37,37,1.0,1.0,2200,-1,2,1,2,1,0,0,1,1,15,5,1,8,18,3,75,1,0,0,0,0,50
597,14,37,37,1.0,1.0,1820,14,2,1,0,1,1,0,1,0,13,15,5,8,21,5,25,0,1,0,0,1,100
598,-1,37,37,1.0,1.0,1760,-1,2,1,0,1,1,1,0,1,17,13,15,8,18,3,75,1,0,0,0,1,100
599,109,37,37,1.0,1.0,1980,109,2,1,0,1,0,0,1,0,-1,17,13,8,5,0,25,1,0,0,0,0,50
600,48,37,37,1.0,1.0,2180,48,2,1,2,1,0,0,1,0,3,-1,6,8,3,16,25,1,0,0,0,0,75
601,100,37,37,0.8,0.8,1660,100,2,1,0,1,0,1,1,1,4,7,0,8,17,15,50,0,1,1,0,1,100
602,100,37,37,1.0,1.0,1700,100,2,1,0,1,0,0,0,0,15,5,1,8,10,6,50,0,1,0,0,0,50
603,138,37,37,1.0,1.0,1840,138,2,2,0,0,0,0,1,0,8,4,7,8,15,14,100,0,1,0,0,0,25
604,14,37,37,1.0,1.0,1620,14,2,2,0,0,0,1,1,1,4,7,0,8,15,14,50,1,0,0,0,0,50
605,18,37,37,1.0,1.0,2400,18,2,1,2,1,0,1,1,0,1,1,1,8,4,7,75,1,0,0,0,0,100
606,-1,37,37,0.5,0.5,1760,-1,2,1,0,1,1,0,1,0,14,-1,-1,8,4,7,50,0,1,1,0,0,50
607,-1,37,37,0.33,0.33,2080,-1,2,1,2,1,0,0,1,1,8,4,7,8,21,5,25,1,0,0,0,1,25
608,113,37,37,0.5,0.5,2300,113,2,1,2,1,0,0,0,0,14,-1,-1,8,20,1,50,1,0,0,0,1,100
609,53,37,37,1.0,1.0,2400,53,2,1,0,1,1,1,1,1,5,1,1,8,6,21,50,0,1,0,0,0,100
610,100,37,37,1.0,1.0,2460,100,2,1,0,1,1,0,0,1,8,4,7,8,11,12,75,1,0,0,0,1,25
611,18,37,37,0.8,0.8,1680,18,2,1,0,1,0,1,0,1,14,-1,-1,8,14,19,50,1,0,0,0,0,25
612,-1,37,37,1.0,1.0,2160,-1,2,0,0,0,1,1,0,0,17,13,15,8,4,7,75,0,1,0,0,0,25
613,100,37,37,0.5,0.5,2460,100,2,2,0,0,1,1,0,1,12,8,4,8,21,5,75,0,1,0,0,0,25
614,114,37,37,1.0,1.0,1660,114,2,2,0,0,1,0,0,0,13,15,5,8,5,0,25,0,1,1,0,0,50
615,114,37,37,1.0,1.0,1640,114,2,2,0,0,1,1,0,1,-1,17,13,8,0,4,75,0,1,1,1,1,100
616,53,37,37,0.8,0.5,1820,53,2,1,0,1,1,1,1,1,2,11,12,8,15,14,75,1,0,0,0,0,75
617,62,37,37,0.5,0.5,2540,62,2,1,0,1,0,0,1,1,11,12,8,8,21,5,50,1,0,0,0,1,50
618,100,37,37,0.8,1.0,2500,100,2,1,2,1,1,0,1,0,13,15,5,8,15,14,25,1,0,0,0,1,50
619,37,37,37,1.0,1.0,1660,37,2,1,0,1,1,1,1,0,15,5,1,8,15,14,25,0,1,1,0,1,100
620,100,37,37,1.0,1.0,2040,100,2,1,2,1,1,0,1,0,11,12,8,8,17,15,25,1,0,0,0,1,100
621,114,-1,-1,0.33,0.33,1860,114,2,1,0,1,1,0,0,1,0,-1,-1,8,10,6,50,0,1,1,1,1,25
622,73,40,40,0.8,0.5,2180,73,2,0,0,0,1,0,0,1,1,1,1,8,4,7,50,1,0,0,0,0,100
623,109,40,40,1.0,1.0,2200,109,2,0,0,0,0,1,0,1,-1,-1,17,8,14,19,50,1,0,0,0,0,50
624,18,40,40,1.0,1.0,1900,18,2,1,0,1,1,0,1,0,11,12,8,8,3,16,50,0,1,1,0,1,50
625,78,-1,-1,1.0,1.0,2160,78,2,1,0,1,0,0,1,1,-1,-1,17,8,20,1,25,0,1,1,1,1,75
626,43,41,41,1.0,1.0,2360,43,2,1,0,1,0,0,0,0,5,1,1,8,0,4,100,0,1,0,0,0,50
627,67,43,43,0.33,0.5,2300,67,2,1,0,1,1,1,0,1,3,-1,6,8,0,4,100,0,1,1,0,1,100
628,114,45,45,1.0,1.0,2160,114,2,1,0,1,0,0,1,1,11,12,8,8,11,12,75,1,0,0,0,0,75
629,94,49,49,0.5,0.5,1620,94,2,2,0,0,1,1,0,1,15,5,1,8,16,10,100,0,1,0,0,1,100
630,71,50,50,0.8,0.8,1700,71,2,2,0,0,0,1,1,0,5,1,1,8,2,13,25,0,1,1,1,0,100
631,27,52,52,1.0,1.0,1920,27,2,1,0,1,1,0,1,0,3,-1,6,8,12,9,25,0,1,1,1,1,75
632,-1,52,52,0.5,0.5,1780,-1,2,1,0,1,1,1,0,0,14,-1,-1,8,0,4,75,0,1,0,0,0,25
633,40,53,53,0.5,0.5,1780,40,2,1,0,1,1,0,0,1,6,2,11,8,12,9,100,0,1,0,0,1,100
634,114,53,53,1.0,1.0,1720,114,2,1,0,1,1,0,1,0,3,-1,6,8,17,15,75,1,0,0,0,1,25
635,94,53,53,1.0,1.0,1980,94,2,1,0,1,1,1,1,1,11,12,8,8,0,4,25,0,1,1,0,0,100
636,89,55,55,0.8,0.8,2020,89,2,1,0,1,1,1,0,0,14,-1,-1,8,12,9,100,0,1,1,1,1,50
637,18,56,56,1.0,1.0,1880,18,2,1,0,1,0,0,1,0,0,-1,-1,8,1,11,100,0,1,0,0,1,25
638,18,58,58,1.0,1.0,2020,18,2,0,0,0,0,0,1,0,-1,17,13,8,10,6,75,0,1,1,0,1,75
639,100,58,58,1.0,1.0,2160,100,2,1,0,1,0,1,0,0,6,2,11,8,6,21,50,0,1,0,0,0,25
640,31,58,58,1.0,1.0,2040,31,2,1,0,1,0,1,0,0,4,7,0,8,19,20,50,0,1,1,0,1,75
641,105,58,58,1.0,1.0,2080,105,2,1,0,1,0,0,1,1,-1,-1,17,8,10,6,25,0,1,0,0,1,75
642,18,58,58,0.5,0.5,1820,18,2,1,0,1,0,1,1,0,15,5,1,8,7,17,25,1,0,0,0,1,50
643,67,58,58,1.0,1.0,2340,67,2,1,0,1,0,0,0,1,4,7,0,8,18,3,75,0,1,0,0,0,100
644,114,58,58,1.0,1.0,2340,114,2,1,2,1,0,0,1,0,11,12,8,8,12,9,50,1,0,0,0,0,75
645,-1,58,58,0.33,0.5,1880,-1,2,0,0,0,0,0,1,0,12,8,4,8,21,5,50,0,1,0,0,1,50
646,83,58,58,1.0,1.0,1620,83,2,2,0,0,1,0,1,0,3,-1,6,8,21,5,100,0,1,0,0,0,50
647,18,61,61,1.0,1.0,2420,18,2,1,0,1,0,0,0,1,14,-1,-1,8,15,14,25,0,1,1,1,1,25
648,35,62,62,1.0,1.0,2260,35,2,1,2,1,1,1,1,0,3,-1,6,8,13,18,25,1,0,0,0,0,75
649,100,65,65,1.0,1.0,2360,100,2,1,0,1,0,0,0,1,13,15,5,8,21,5,25,1,0,0,0,1,25
650,1,65,65,0.8,0.8,2120,1,2,1,0,1,1,0,0,1,11,12,8,8,2,13,50,1,0,0,0,1,50
651,52,65,65,1.0,1.0,2480,52,2,1,0,1,0,1,0,0,6,2,11,8,12,9,25,0,1,0,0,1,75
652,133,65,65,1.0,1.0,2540,133,2,1,0,1,0,1,0,1,7,0,-1,8,20,1,100,1,0,0,0,1,50
653,4,65,65,1.0,1.0,1820,4,2,0,0,0,1,1,1,0,-1,17,13,8,0,4,75,0,1,1,0,0,50
654,18,65,65,0.8,0.5,2300,18,2,2,0,0,1,1,0,1,9,6,2,8,4,7,75,0,1,0,0,1,75
655,100,65,65,1.0,1.0,2020,100,2,1,2,1,1,1,1,1,7,0,-1,8,5,0,50,1,0,0,0,1,50
656,18,65,65,0.33,0.33,1620,18,2,1,0,1,0,0,0,1,1,1,1,8,2,13,50,1,0,0,0,0,50
657,67,65,65,1.0,1.0,2080,67,2,1,2,1,1,1,0,1,3,-1,6,8,6,21,75,1,0,0,0,0,25
658,114,65,65,1.0,1.0,2260,114,2,1,0,1,1,1,0,1,3,-1,6,8,13,18,75,1,0,0,0,0,50
659,100,65,65,1.0,1.0,2180,100,2,2,0,0,1,0,1,0,2,11,12,8,16,10,75,0,1,0,0,1,100
660,109,65,65,1.0,1.0,2220,109,2,2,2,0,1,1,0,0,-1,-1,17,8,19,20,75,1,0,0,0,1,100
661,109,65,65,1.0,1.0,1860,109,2,2,0,0,1,1,0,0,1,1,1,8,10,6,50,0,1,0,0,1,100
662,94,65,65,0.33,0.5,2000,94,2,1,0,1,1,0,1,1,17,13,15,8,0,4,50,1,0,0,0,0,25
663,67,65,65,1.0,1.0,1620,67,2,1,0,1,1,1,0,0,12,8,4,8,15,14,50,0,1,1,0,0,25
664,57,65,65,1.0,1.0,2520,57,2,1,2,1,0,0,1,1,1,1,1,8,13,18,25,1,0,0,0,0,50
665,-1,66,66,1.0,1.0,1860,-1,2,0,0,0,0,1,0,1,11,12,8,8,21,5,25,1,0,0,0,0,25
666,113,66,66,0.8,0.8,2500,113,2,2,2,0,1,0,1,1,2,11,12,8,0,4,50,1,0,0,0,1,25
667,48,66,66,0.8,0.8,2480,48,2,2,2,0,1,0,0,0,7,0,-1,8,21,5,100,1,0,0,0,0,75
668,14,66,66,1.0,1.0,1720,14,2,1,0,1,1,1,0,0,12,8,4,8,15,14,100,0,1,1,1,0,100
669,100,67,67,0.5,0.5,2340,100,2,1,2,1,1,0,0,1,7,0,-1,8,3,16,50,1,0,0,0,1,100
670,18,68,68,1.0,1.0,2460,18,2,1,0,1,0,1,1,0,8,4,7,8,7,17,25,1,0,0,0,0,100
671,83,68,68,0.5,0.5,1820,83,2,1,0,1,0,0,1,0,2,11,12,8,19,20,25,0,1,0,0,0,100
672,114,68,68,0.5,0.5,2560,114,2,0,0,0,0,1,1,0,7,0,-1,8,3,16,75,1,0,0,0,0,75
673,67,68,68,1.0,1.0,2260,67,2,2,0,0,0,1,0,1,4,7,0,8,0,4,75,1,0,0,0,0,25
674,31,68,68,1.0,1.0,1980,31,2,1,0,1,1,0,1,1,8,4,7,8,21,5,25,0,1,1,1,1,50
675,1,68,68,1.0,1.0,2120,1,2,1,2,1,1,0,0,0,17,13,15,8,20,1,75,1,0,0,0,1,25
676,31,68,68,0.8,0.8,2340,31,2,1,0,1,0,0,0,1,6,2,11,8,1,11,25,1,0,0,0,0,100
677,-1,68,68,0.8,0.8,2020,-1,2,1,0,1,0,1,0,1,-1,17,13,8,6,21,100,0,1,1,1,1,75
678,21,68,68,0.8,0.5,2000,21,2,1,0,1,0,1,0,1,11,12,8,8,15,14,50,0,1,0,0,0,100
679,114,68,68,0.33,0.5,1820,114,2,1,2,1,0,0,1,0,2,11,12,8,20,1,75,1,0,0,0,1,75
680,31,68,68,1.0,1.0,1880,31,2,1,0,1,1,0,1,1,1,1,1,8,0,4,50,0,1,0,0,0,100
681,109,68,68,0.8,0.8,2280,109,2,1,0,1,0,1,0,1,8,4,7,8,3,16,100,1,0,0,0,0,50
682,109,68,68,1.0,1.0,2520,109,2,1,2,1,1,1,1,1,4,7,0,8,20,1,75,1,0,0,0,1,100
683,100,68,68,1.0,1.0,2160,100,2,0,0,0,0,1,1,0,1,1,1,8,0,4,50,1,0,0,0,0,25
684,114,68,68,0.5,0.5,2400,114,2,2,2,0,0,1,0,0,-1,-1,17,8,3,16,25,1,0,0,0,0,100
685,81,68,68,0.33,0.5,1840,81,2,2,0,0,0,1,1,0,7,0,-1,8,19,20,75,0,1,1,0,1,25
686,100,68,68,0.8,0.8,1960,100,2,1,0,1,0,0,1,0,8,4,7,8,13,18,50,0,1,1,0,0,25
687,34,68,68,1.0,1.0,1940,34,2,1,0,1,1,1,0,1,2,11,12,8,7,17,100,0,1,1,0,1,50
688,94,68,68,1.0,1.0,1660,94,2,1,0,1,1,0,0,1,0,-1,-1,8,10,6,75,0,1,0,0,0,25
689,148,68,68,0.8,0.5,2320,148,2,1,0,1,0,1,1,1,11,12,8,8,21,5,100,0,1,0,0,0,100
690,16,68,68,0.8,0.8,2440,16,2,1,0,1,1,1,0,1,6,2,11,8,2,13,50,1,0,0,0,0,50
691,29,68,68,1.0,1.0,2460,29,2,1,0,1,1,1,0,0,8,4,7,8,18,3,25,1,0,0,0,1,25
692,94,68,68,0.8,1.0,2000,94,2,1,0,1,0,1,0,1,6,2,11,8,0,4,75,0,1,0,0,0,75
693,-1,68,68,0.8,0.8,2420,-1,2,1,0,1,0,1,0,0,3,-1,6,8,0,4,75,1,0,0,0,1,100
694,130,68,68,1.0,1.0,2280,130,2,1,0,1,0,0,1,1,3,-1,6,8,20,1,25,1,0,0,0,0,50
695,114,68,68,1.0,1.0,1900,114,2,1,2,1,0,0,1,0,0,-1,-1,8,18,3,25,1,0,0,0,0,25
696,109,68,68,0.5,0.5,2460,109,2,0,0,0,0,0,0,1,17,13,15,8,7,17,50,0,1,1,1,0,100
697,129,68,68,1.0,1.0,1760,129,2,2,0,0,0,0,1,1,4,7,0,8,21,5,50,0,1,1,0,0,75
698,42,68,68,0.8,0.8,2400,42,2,1,0,1,1,0,1,0,6,2,11,8,1,11,25,1,0,0,0,1,100
699,100,68,68,1.0,1.0,1940,100,2,1,2,1,0,0,1,0,11,12,8,8,18,3,75,1,0,0,0,1,75
700,44,68,68,0.5,0.5,1660,44,2,1,0,1,0,1,1,0,11,12,8,8,21,5,50,1,0,0,0,1,50
701,31,68,68,1.0,1.0,2320,31,2,1,0,1,1,0,0,1,2,11,12,8,2,13,25,1,0,0,0,0,50
702,145,68,68,1.0,1.0,1980,145,2,1,0,1,1,0,1,1,8,4,7,8,3,16,50,0,1,0,0,1,100
703,18,68,68,0.5,0.5,1720,18,2,1,0,1,1,1,0,1,1,1,1,8,6,21,100,0,1,1,0,0,100
704,113,68,68,1.0,1.0,1920,113,2,1,0,1,0,0,0,1,11,12,8,8,18,3,75,1,0,0,0,1,100
705,109,68,68,1.0,1.0,1860,109,2,1,0,1,1,0,1,1,5,1,1,8,3,16,25,0,1,1,1,1,100
706,113,68,68,1.0,1.0,2580,113,2,2,0,0,0,0,0,1,6,2,11,8,17,15,25,1,0,0,0,1,100
707,114,68,68,1.0,1.0,1900,114,2,1,0,1,0,1,0,0,13,15,5,8,11,12,50,0,1,0,0,1,100
708,44,68,68,0.8,0.8,1960,44,2,1,2,1,1,0,1,1,17,13,15,8,19,20,75,1,0,0,0,1,100
709,109,68,68,1.0,1.0,1720,109,2,1,0,1,1,1,0,1,8,4,7,8,20,1,25,0,1,0,0,1,75
710,100,-1,-1,1.0,1.0,1840,100,2,1,2,1,1,0,0,0,4,7,0,8,3,16,100,1,0,0,0,1,100
711,100,70,70,1.0,1.0,2320,100,2,1,0,1,1,0,1,0,13,15,5,8,20,1,100,0,1,0,0,0,50
712,77,70,70,1.0,1.0,1640,77,2,1,2,1,1,1,0,1,12,8,4,8,6,21,25,1,0,0,0,0,50
713,41,70,70,1.0,1.0,2240,41,2,0,0,0,0,1,0,0,14,-1,-1,8,2,13,50,0,1,0,0,1,100
714,110,71,71,0.5,0.5,2500,110,2,0,0,0,1,0,1,0,2,11,12,8,2,13,75,0,1,1,0,0,50
715,100,71,71,0.5,0.5,2280,100,2,2,0,0,1,1,0,1,14,-1,-1,8,13,18,50,0,1,1,1,1,25
716,90,73,73,1.0,1.0,1860,90,2,2,2,0,0,0,0,1,17,13,15,8,15,14,50,1,0,0,0,1,50
717,53,74,74,1.0,1.0,1640,53,2,1,0,1,0,0,0,1,4,7,0,8,11,12,75,0,1,1,0,1,25
718,121,75,75,1.0,1.0,2300,121,2,1,0,1,1,0,1,1,6,2,11,8,14,19,75,0,1,0,0,1,100
719,76,76,76,1.0,1.0,1680,76,2,1,0,1,0,1,0,0,11,12,8,8,15,14,100,1,0,0,0,0,25
720,100,77,77,1.0,1.0,2300,100,2,1,2,1,0,1,0,1,0,-1,-1,8,17,15,75,1,0,0,0,0,50
721,18,-1,-1,1.0,1.0,2360,18,2,1,2,1,1,0,0,0,12,8,4,8,3,16,75,1,0,0,0,0,100
722,79,82,82,1.0,1.0,1700,79,2,0,0,0,0,0,0,0,17,13,15,8,6,21,25,1,0,0,0,1,25
723,24,83,83,1.0,1.0,2160,24,2,0,0,0,0,1,0,0,4,7,0,8,1,11,25,0,1,0,0,0,50
724,89,85,85,1.0,1.0,2380,89,2,2,0,0,0,0,0,1,-1,-1,17,8,21,5,75,1,0,0,0,1,100
725,75,85,85,1.0,1.0,1640,75,2,1,0,1,0,0,1,1,9,6,2,8,1,11,25,0,1,1,0,1,50
726,109,86,86,0.33,0.5,1980,109,2,1,0,1,0,0,0,0,1,1,1,8,21,5,25,1,0,0,0,1,75
727,81,86,86,1.0,1.0,1900,81,2,1,2,1,1,0,1,0,5,1,1,8,6,21,50,1,0,0,0,0,75
728,18,86,86,0.8,0.8,2020,18,2,1,0,1,0,0,0,1,-1,17,13,8,10,6,25,1,0,0,0,1,50
729,114,86,86,1.0,1.0,1800,114,2,1,0,1,1,1,0,1,17,13,15,8,11,12,50,1,0,0,0,1,50
730,53,90,90,0.8,0.5,1900,53,2,1,2,1,0,0,0,1,9,6,2,8,13,18,25,1,0,0,0,1,25
731,18,90,90,1.0,1.0,2540,18,2,2,0,0,1,1,1,0,15,5,1,8,20,1,50,1,0,0,0,1,75
732,114,90,90,0.5,0.5,2500,114,2,2,0,0,1,0,1,1,-1,-1,17,8,17,15,50,1,0,0,0,1,100
733,100,90,90,0.8,0.8,1940,100,2,2,2,0,1,1,0,0,6,2,11,8,0,4,75,1,0,0,0,0,75
734,109,90,90,1.0,1.0,2040,109,2,1,0,1,0,1,0,1,3,-1,6,8,7,17,25,0,1,1,1,1,50
735,114,90,90,0.5,0.5,2480,114,2,1,0,1,1,0,1,0,11,12,8,8,15,14,75,1,0,0,0,0,100
736,130,90,90,1.0,1.0,2200,130,2,1,0,1,0,1,1,0,9,6,2,8,3,16,50,0,1,0,0,1,75
737,152,-1,-1,0.33,0.33,1840,152,2,1,0,1,0,0,0,1,2,11,12,8,11,12,100,1,0,0,0,0,25
738,100,93,93,1.0,1.0,2460,100,2,1,2,1,1,1,0,1,3,-1,6,8,13,18,25,1,0,0,0,1,75
739,-1,93,93,1.0,1.0,2300,-1,2,1,0,1,0,1,0,1,12,8,4,8,19,20,75,0,1,1,1,1,50
740,90,95,95,1.0,1.0,2380,90,2,1,0,1,0,1,0,1,15,5,1,8,20,1,25,1,0,0,0,1,25
741,72,97,97,1.0,1.0,2140,72,2,1,2,1,0,0,0,1,7,0,-1,8,3,16,50,1,0,0,0,0,100
742,0,97,97,1.0,1.0,2220,0,2,1,0,1,1,1,1,1,15,5,1,8,18,3,25,0,1,0,0,0,75
743,89,97,97,0.8,0.5,1860,89,2,1,0,1,0,1,1,0,8,4,7,8,14,19,50,1,0,0,0,1,50
744,44,-1,-1,1.0,1.0,1640,44,2,1,0,1,0,1,0,1,9,6,2,8,17,15,25,0,1,0,0,0,75
745,-1,-1,-1,1.0,1.0,2560,-1,2,1,0,1,0,0,0,1,4,7,0,8,15,14,50,0,1,0,0,1,75
746,94,101,101,1.0,1.0,1860,94,2,1,0,1,0,0,1,1,11,12,8,8,2,13,75,1,0,0,0,1,25
747,38,101,101,0.8,0.5,2020,38,2,0,0,0,1,0,0,0,12,8,4,8,6,21,50,1,0,0,0,1,75
748,114,101,101,0.8,1.0,1900,114,2,0,0,0,0,0,0,0,4,7,0,8,20,1,25,1,0,0,0,0,75
749,143,101,101,1.0,1.0,2300,143,2,2,0,0,1,0,1,0,6,2,11,8,14,19,75,1,0,0,0,0,75
750,41,102,102,1.0,1.0,1840,41,2,2,0,0,0,0,1,1,9,6,2,8,13,18,50,0,1,0,0,0,75
751,5,106,106,0.8,0.8,1620,5,2,1,0,1,0,0,0,1,-1,17,13,8,12,9,50,0,1,0,0,0,100
752,122,106,106,1.0,1.0,2200,122,2,1,0,1,0,0,0,1,14,-1,-1,8,2,13,75,1,0,0,0,0,75
753,100,106,106,1.0,1.0,1840,100,2,1,2,1,0,1,0,1,12,8,4,8,21,5,25,1,0,0,0,0,75
754,100,107,107,1.0,1.0,2140,100,2,1,0,1,1,0,0,0,17,13,15,8,18,3,100,1,0,0,0,1,100
755,-1,-1,-1,1.0,1.0,1700,-1,2,1,2,1,0,0,1,0,13,15,5,8,0,4,100,1,0,0,0,0,100
756,14,-1,-1,1.0,1.0,1940,14,2,1,0,1,0,1,0,0,8,4,7,8,5,0,50,1,0,0,0,0,100
757,18,108,108,1.0,1.0,2380,18,2,2,2,0,1,0,1,1,-1,-1,17,8,15,14,50,1,0,0,0,0,75
758,86,108,108,1.0,1.0,2340,86,2,2,0,0,1,0,1,1,-1,-1,17,8,21,5,25,0,1,0,0,0,75
759,90,-1,-1,0.5,0.5,1640,90,2,1,2,1,0,1,1,1,14,-1,-1,8,6,21,75,1,0,0,0,1,25
760,70,-1,-1,0.33,0.5,2480,70,2,1,0,1,1,1,0,0,14,-1,-1,8,20,1,25,0,1,0,0,1,50
761,114,-1,-1,0.8,0.8,1760,114,1,1,0,1,1,1,1,1,-1,-1,17,8,2,13,50,1,0,0,0,1,50
762,109,1,1,1.0,1.0,2520,109,1,1,0,1,0,1,1,0,12,8,4,8,19,20,100,1,0,0,0,0,50
763,100,3,3,1.0,1.0,2320,100,1,1,2,1,1,0,0,0,6,2,11,8,12,9,100,1,0,0,0,0,25
764,57,3,3,0.8,0.5,1860,57,1,1,0,1,0,0,1,0,14,-1,-1,8,15,14,25,1,0,0,0,1,50
765,11,3,3,0.5,0.5,2200,11,1,1,0,1,0,0,1,0,9,6,2,8,0,4,75,1,0,0,0,0,75
766,-1,4,4,0.8,0.8,2220,-1,1,2,0,0,0,1,1,0,8,4,7,8,15,14,50,1,0,0,0,1,100
767,76,4,4,1.0,1.0,1980,76,1,2,0,0,1,0,0,0,11,12,8,8,10,6,100,0,1,0,0,0,75
768,100,4,4,1.0,1.0,2580,100,1,1,0,1,0,0,0,0,3,-1,6,8,6,21,75,0,1,1,1,1,50
769,109,4,4,1.0,1.0,2460,109,1,1,2,1,1,0,0,1,8,4,7,8,17,15,100,1,0,0,0,0,25
770,99,4,4,1.0,1.0,2460,99,1,1,0,1,0,0,0,1,12,8,4,8,21,5,75,1,0,0,0,0,75
771,100,4,4,1.0,1.0,1880,100,1,1,0,1,0,0,1,0,7,0,-1,8,14,19,50,0,1,0,0,1,50
772,109,4,4,0.8,0.8,2380,109,1,1,0,1,0,1,1,0,14,-1,-1,8,4,7,25,1,0,0,0,1,25
773,100,4,4,0.33,0.5,2540,100,1,1,0,1,0,0,0,1,-1,17,13,8,7,17,25,0,1,1,0,0,75
774,94,4,4,0.8,0.8,2220,94,1,1,0,1,1,0,1,0,2,11,12,8,14,19,50,0,1,1,0,1,75
775,106,4,4,1.0,1.0,2500,106,1,1,0,1,1,0,1,1,6,2,11,8,18,3,25,0,1,0,0,1,50
776,18,4,4,1.0,1.0,2360,18,1,1,0,1,1,1,0,0,12,8,4,8,21,5,50,1,0,0,0,0,25
777,129,4,4,0.5,0.5,2560,129,1,1,0,1,1,1,1,0,4,7,0,8,2,13,25,0,1,1,0,0,50
778,72,8,8,0.8,1.0,2240,72,1,1,2,1,1,0,1,0,12,8,4,8,1,11,100,1,0,0,0,0,50
779,114,8,8,0.8,0.5,1900,114,1,1,0,1,1,0,0,0,4,7,0,8,6,21,25,0,1,1,0,0,75
780,71,-1,-1,1.0,1.0,2020,71,1,1,2,1,0,0,1,1,7,0,-1,8,0,4,25,1,0,0,0,0,75
781,-1,9,9,1.0,1.0,2160,-1,1,1,2,1,1,0,0,1,11,12,8,8,17,15,100,1,0,0,0,1,25
782,94,10,10,0.5,0.5,1980,94,1,1,0,1,1,1,1,0,15,5,1,8,6,21,25,1,0,0,0,0,100
783,18,10,10,1.0,1.0,2560,18,1,1,2,1,0,1,0,0,6,2,11,8,0,4,100,1,0,0,0,1,75
784,-1,-1,-1,1.0,1.0,2320,-1,1,1,0,1,0,0,0,1,12,8,4,8,19,20,25,1,0,0,0,1,50
785,106,11,11,0.8,0.8,1780,106,1,1,0,1,0,0,0,0,17,13,15,8,0,4,75,1,0,0,0,0,100
786,76,15,15,0.8,0.8,1660,76,1,0,0,0,0,1,0,1,15,5,1,8,4,7,100,1,0,0,0,0,100
787,33,16,16,0.33,0.5,2100,33,1,0,0,0,0,1,1,0,4,7,0,8,19,20,100,1,0,0,0,0,75
788,39,17,17,1.0,1.0,1760,39,1,2,0,0,0,1,1,0,3,-1,6,8,2,13,75,0,1,1,1,1,100
789,100,17,17,1.0,1.0,2080,100,1,2,0,0,1,0,1,1,17,13,15,8,21,5,100,0,1,0,0,0,75
790,-1,17,17,1.0,1.0,2380,-1,1,1,2,1,1,0,1,0,7,0,-1,8,2,13,50,1,0,0,0,0,100
791,109,17,17,0.8,0.8,2320,109,1,1,0,1,1,0,1,1,13,15,5,8,10,6,50,0,1,0,0,1,25
792,109,17,17,0.8,1.0,2420,109,1,1,0,1,0,0,1,0,0,-1,-1,8,2,13,50,1,0,0,0,1,50
793,128,17,17,1.0,1.0,2400,128,1,1,2,1,0,0,0,0,4,7,0,8,7,17,50,1,0,0,0,0,100
794,114,17,17,1.0,1.0,2340,114,1,1,0,1,1,1,0,1,9,6,2,8,7,17,50,1,0,0,0,0,50
795,95,17,17,0.33,0.33,1960,95,1,0,2,0,1,1,0,1,2,11,12,8,21,5,75,1,0,0,0,0,25
796,114,18,18,1.0,1.0,2300,114,1,1,0,1,1,1,0,0,2,11,12,8,16,10,25,1,0,0,0,0,25
797,102,18,18,1.0,1.0,2200,102,1,1,0,1,0,0,0,1,0,-1,-1,8,5,0,25,1,0,0,0,0,25
798,109,18,18,1.0,1.0,1620,109,1,1,0,1,0,0,1,1,9,6,2,8,13,18,25,1,0,0,0,0,100
799,54,19,19,0.8,0.5,2100,54,1,1,0,1,1,0,1,1,3,-1,6,8,12,9,75,0,1,1,1,1,75
800,117,19,19,1.0,1.0,1680,117,1,1,0,1,0,0,1,1,17,13,15,8,13,18,100,0,1,1,1,1,25
801,-1,-1,-1,0.33,0.33,2440,-1,1,1,0,1,1,0,0,0,6,2,11,8,0,4,75,0,1,0,0,0,100
802,109,-1,-1,0.5,0.5,2140,109,1,1,0,1,0,0,0,0,5,1,1,8,18,3,100,0,1,1,1,0,100
803,57,20,20,1.0,1.0,1680,57,1,1,0,1,0,0,1,0,0,-1,-1,8,3,16,50,0,1,0,0,1,100
804,109,23,23,0.33,0.33,2220,109,1,1,0,1,0,1,1,0,-1,17,13,8,1,11,25,0,1,1,0,1,100
805,94,25,25,0.5,0.5,2500,94,1,2,0,0,1,1,1,0,-1,-1,17,8,20,1,25,0,1,1,1,0,50
806,-1,-1,-1,1.0,1.0,1880,-1,1,1,0,1,0,0,1,1,6,2,11,8,2,13,25,1,0,0,0,0,75
807,-1,29,29,0.5,0.5,2480,-1,1,1,0,1,1,1,0,0,2,11,12,8,0,4,25,1,0,0,0,0,50
808,100,29,29,0.5,0.5,1880,100,1,1,0,1,1,0,0,1,-1,-1,17,8,18,3,100,1,0,0,0,0,50
809,100,29,29,1.0,1.0,2160,100,1,1,0,1,0,1,1,1,6,2,11,8,6,21,75,0,1,1,0,1,75
810,94,29,29,1.0,1.0,1620,94,1,2,0,0,1,1,1,1,1,1,1,8,14,19,25,0,1,0,0,0,25
811,114,29,29,1.0,1.0,2600,114,1,2,0,0,1,0,0,0,1,1,1,8,16,10,25,0,1,0,0,0,50
812,127,29,29,0.33,0.5,1640,127,1,1,0,1,1,1,1,1,14,-1,-1,8,13,18,75,0,1,1,0,0,50
813,53,29,29,1.0,1.0,2120,53,1,1,0,1,1,1,0,0,4,7,0,8,19,20,50,1,0,0,0,1,50
814,100,29,29,1.0,1.0,2160,100,1,1,0,1,0,0,1,1,12,8,4,8,1,11,75,1,0,0,0,1,75
815,53,30,30,0.5,0.5,2300,53,1,1,2,1,1,1,1,0,11,12,8,8,6,21,25,1,0,0,0,1,100
816,138,-1,-1,0.33,0.33,2420,138,1,1,0,1,0,1,0,1,5,1,1,8,18,3,25,1,0,0,0,1,75
817,34,32,32,1.0,1.0,2080,34,1,0,0,0,1,0,1,0,13,15,5,8,14,19,50,0,1,0,0,0,100
818,109,32,32,0.5,0.5,1940,109,1,2,0,0,1,1,0,1,5,1,1,8,20,1,100,0,1,0,0,0,25
819,114,32,32,1.0,1.0,2340,114,1,1,2,1,1,0,1,0,3,-1,6,8,12,9,75,1,0,0,0,0,75
820,31,32,32,0.5,0.5,2460,31,1,1,0,1,0,1,1,1,5,1,1,8,13,18,25,0,1,0,0,0,100
821,-1,32,32,0.33,0.33,2380,-1,1,1,0,1,0,1,1,0,4,7,0,8,19,20,50,0,1,0,0,0,25
822,100,32,32,1.0,1.0,2420,100,1,1,0,1,0,1,1,1,8,4,7,8,15,14,75,0,1,1,0,0,25
823,4,32,32,1.0,1.0,1740,4,1,1,0,1,0,1,1,0,6,2,11,8,21,5,25,1,0,0,0,1,25
824,53,33,33,1.0,1.0,1640,53,1,1,0,1,1,0,1,1,-1,-1,17,8,10,6,75,1,0,0,0,1,50
825,64,35,35,1.0,1.0,1740,64,1,2,0,0,1,0,1,1,15,5,1,8,6,21,25,0,1,1,1,1,75
826,114,36,36,1.0,1.0,2440,114,1,1,0,1,1,1,0,1,17,13,15,8,5,0,25,1,0,0,0,1,50
827,109,36,36,1.0,1.0,2280,109,1,1,0,1,0,1,1,1,5,1,1,8,7,17,50,0,1,1,0,0,100
828,109,36,36,1.0,1.0,1640,109,1,1,2,1,0,0,1,1,15,5,1,8,19,20,75,1,0,0,0,0,25
829,-1,36,36,0.8,0.8,2360,-1,1,1,2,1,0,0,1,0,0,-1,-1,8,3,16,50,1,0,0,0,1,25
830,75,36,36,0.8,1.0,2300,75,1,1,0,1,0,0,1,0,12,8,4,8,2,13,100,1,0,0,0,1,100
831,109,36,36,0.33,0.33,2460,109,1,1,0,1,0,0,1,1,9,6,2,8,6,21,100,0,1,1,0,0,75
832,109,36,36,1.0,1.0,2520,109,1,1,0,1,1,1,0,0,6,2,11,8,17,15,100,0,1,1,1,0,25
833,53,36,36,1.0,1.0,2200,53,1,1,2,1,1,1,0,1,15,5,1,8,19,20,50,1,0,0,0,1,25
834,14,36,36,1.0,1.0,2300,14,1,1,0,1,1,0,1,1,7,0,-1,8,11,12,75,0,1,0,0,1,50
835,83,36,36,1.0,1.0,2180,83,1,2,0,0,0,0,1,1,2,11,12,8,1,11,75,0,1,1,1,1,100
836,45,36,36,1.0,1.0,2400,45,1,2,0,0,0,1,1,0,9,6,2,8,5,0,100,0,1,0,0,1,100
837,95,36,36,1.0,1.0,1860,95,1,2,0,0,1,1,1,1,17,13,15,8,6,21,25,0,1,1,1,0,50
838,31,36,36,0.8,0.8,2540,31,1,1,0,1,0,0,1,1,7,0,-1,8,15,14,100,0,1,0,0,0,100
839,-1,36,36,1.0,1.0,2500,-1,1,1,0,1,0,1,0,1,9,6,2,8,4,7,25,0,1,0,0,1,25
840,18,36,36,1.0,1.0,2420,18,1,1,0,1,0,1,1,0,2,11,12,8,3,16,100,0,1,1,1,1,100
841,43,37,37,1.0,1.0,1880,43,1,1,0,1,0,1,0,1,11,12,8,8,15,14,25,1,0,0,0,0,50
842,24,37,37,0.8,0.5,2040,24,1,1,2,1,0,0,1,0,7,0,-1,8,2,13,75,1,0,0,0,0,75
843,100,37,37,0.5,0.5,2060,100,1,2,0,0,1,1,1,1,5,1,1,8,21,5,25,0,1,0,0,0,50
844,81,37,37,1.0,1.0,2220,81,1,1,0,1,0,1,1,1,12,8,4,8,16,10,75,1,0,0,0,1,25
845,95,37,37,1.0,1.0,2540,95,1,1,0,1,1,0,1,0,12,8,4,8,19,20,25,0,1,1,1,1,100
846,109,37,37,0.33,0.5,2480,109,1,1,0,1,1,0,0,0,4,7,0,8,10,6,75,1,0,0,0,0,75
847,1,37,37,1.0,1.0,1620,1,1,1,0,1,0,1,0,0,12,8,4,8,15,14,75,0,1,0,0,0,50
848,114,37,37,1.0,1.0,2220,114,1,2,0,0,1,1,0,0,1,1,1,8,11,12,100,0,1,0,0,0,25
849,-1,37,37,1.0,1.0,2160,-1,1,2,0,0,1,0,1,0,3,-1,6,8,0,4,75,1,0,0,0,0,100
850,100,37,37,0.8,1.0,1680,100,1,2,0,0,0,1,0,1,2,11,12,8,5,0,100,1,0,0,0,1,50
851,-1,37,37,0.8,1.0,1900,-1,1,1,0,1,1,0,1,1,13,15,5,8,6,21,75,0,1,0,0,0,75
852,101,37,37,1.0,1.0,1660,101,1,1,2,1,1,0,0,0,3,-1,6,8,7,17,100,1,0,0,0,0,25
853,-1,37,37,1.0,1.0,2000,-1,1,1,0,1,1,0,0,1,9,6,2,8,21,5,25,0,1,0,0,0,100
854,-1,37,37,1.0,1.0,2120,-1,1,0,0,0,1,0,1,1,3,-1,6,8,20,1,100,0,1,1,0,1,25
855,109,37,37,1.0,1.0,2060,109,1,0,0,0,1,0,1,1,3,-1,6,8,21,5,50,1,0,0,0,1,25
856,16,37,37,0.5,0.5,1900,16,1,0,0,0,0,1,0,1,5,1,1,8,18,3,75,0,1,1,0,1,75
857,100,37,37,1.0,1.0,2520,100,1,1,0,1,0,0,1,1,3,-1,6,8,20,1,25,0,1,1,0,0,100
858,20,37,37,1.0,1.0,1900,20,1,1,0,1,1,1,0,0,13,15,5,8,6,21,100,1,0,0,0,0,100
859,125,37,37,0.5,0.5,2540,125,1,1,2,1,1,0,0,1,6,2,11,8,10,6,75,1,0,0,0,0,25
860,42,37,37,1.0,1.0,1900,42,1,1,0,1,1,0,0,0,15,5,1,8,14,19,100,1,0,0,0,1,100
861,114,37,37,0.5,0.5,2380,114,1,1,0,1,1,1,1,1,7,0,-1,8,4,7,100,1,0,0,0,0,75
862,100,37,37,1.0,1.0,2300,100,1,1,0,1,1,1,0,1,8,4,7,8,1,11,100,0,1,1,1,0,25
863,100,37,37,1.0,1.0,2040,100,1,1,2,1,1,0,1,1,-1,-1,17,8,14,19,75,1,0,0,0,1,75
864,18,37,37,1.0,1.0,1840,18,1,1,0,1,0,0,1,1,1,1,1,8,4,7,75,0,1,1,1,0,75
865,-1,37,37,0.5,0.5,2060,-1,1,0,0,0,0,0,0,1,7,0,-1,8,1,11,50,0,1,1,0,0,50
866,95,37,37,1.0,1.0,1840,95,1,1,2,1,1,1,0,0,5,1,1,8,2,13,75,1,0,0,0,0,100
867,100,37,37,0.5,0.5,2240,100,1,1,0,1,1,1,1,0,17,13,15,8,17,15,25,0,1,1,1,0,75
868,30,38,38,1.0,1.0,2340,30,1,1,0,1,0,1,0,0,6,2,11,8,18,3,100,0,1,0,0,1,25
869,100,39,39,0.5,0.5,2160,100,1,1,0,1,0,1,0,1,17,13,15,8,13,18,100,1,0,0,0,0,100
870,100,39,39,0.33,0.33,2540,100,1,1,0,1,0,1,0,0,2,11,12,8,2,13,25,1,0,0,0,1,75
871,89,40,40,1.0,1.0,2120,89,1,0,0,0,0,1,1,1,2,11,12,8,1,11,50,0,1,0,0,0,25
872,145,40,40,1.0,1.0,1940,145,1,2,0,0,0,0,1,1,17,13,15,8,5,0,75,0,1,1,1,1,50
873,106,40,40,0.33,0.5,1640,106,1,2,0,0,0,0,1,1,12,8,4,8,2,13,75,1,0,0,0,0,75
874,109,40,40,1.0,1.0,2360,109,1,2,0,0,1,0,0,0,12,8,4,8,0,4,25,0,1,1,1,0,25
875,102,42,42,1.0,1.0,1620,102,1,1,0,1,1,1,1,0,15,5,1,8,16,10,50,0,1,0,0,0,75
876,132,-1,-1,1.0,1.0,2220,132,1,1,0,1,1,1,0,0,8,4,7,8,11,12,25,1,0,0,0,0,100
877,53,44,44,1.0,1.0,1860,53,1,1,0,1,1,1,1,1,-1,-1,17,8,2,13,75,0,1,0,0,1,100
878,18,46,46,0.33,0.5,1700,18,1,1,0,1,1,1,1,1,9,6,2,8,18,3,75,1,0,0,0,1,100
879,109,48,48,1.0,1.0,2420,109,1,1,0,1,0,0,0,0,17,13,15,8,20,1,50,0,1,1,1,0,50
880,31,48,48,0.8,0.8,2060,31,1,0,2,0,1,1,0,0,5,1,1,8,5,0,75,1,0,0,0,0,25
881,-1,-1,-1,1.0,1.0,2460,-1,1,2,2,0,0,0,1,0,2,11,12,8,13,18,75,1,0,0,0,1,50
882,76,-1,-1,1.0,1.0,1980,76,1,1,0,1,0,0,0,0,3,-1,6,8,2,13,25,1,0,0,0,1,75
883,76,54,54,1.0,1.0,2440,76,1,1,0,1,0,0,1,1,-1,17,13,8,17,15,50,0,1,1,1,1,25
884,123,54,54,1.0,1.0,2040,123,1,1,2,1,1,1,0,1,1,1,1,8,4,7,50,1,0,0,0,0,75
885,100,55,55,1.0,1.0,1680,100,1,1,0,1,0,1,0,0,2,11,12,8,1,11,75,0,1,1,1,0,75
886,33,56,56,1.0,1.0,2220,33,1,1,0,1,0,0,0,0,17,13,15,8,21,5,100,0,1,0,0,1,25
887,109,57,57,1.0,1.0,2460,109,1,1,0,1,0,1,0,1,3,-1,6,8,18,3,50,0,1,0,0,1,25
888,138,58,58,0.8,0.8,2080,138,1,1,2,1,0,0,0,0,13,15,5,8,0,4,50,1,0,0,0,1,75
889,75,58,58,1.0,1.0,2500,75,1,0,0,0,1,1,0,1,2,11,12,8,11,12,25,1,0,0,0,1,25
890,109,58,58,1.0,1.0,2080,109,1,2,0,0,1,1,1,1,15,5,1,8,13,18,75,0,1,1,0,0,75
891,147,58,58,1.0,1.0,2060,147,1,1,0,1,0,0,1,0,0,-1,-1,8,6,21,75,0,1,1,1,0,50
892,109,58,58,0.8,0.8,2320,109,1,1,0,1,1,0,1,0,13,15,5,8,16,10,75,1,0,0,0,0,100
893,100,58,58,0.5,0.5,2520,100,1,1,0,1,1,0,0,0,-1,-1,17,8,21,5,75,0,1,1,1,0,100
894,4,60,60,1.0,1.0,1740,4,1,2,0,0,1,1,0,1,6,2,11,8,16,10,25,0,1,0,0,0,50
895,114,63,63,1.0,1.0,2080,114,1,1,0,1,1,1,1,0,3,-1,6,8,6,21,25,0,1,0,0,0,100
896,18,65,65,1.0,1.0,2200,18,1,1,0,1,1,1,1,0,-1,17,13,8,15,14,50,0,1,0,0,0,100
897,95,65,65,1.0,1.0,2520,95,1,1,0,1,0,1,0,0,15,5,1,8,16,10,50,1,0,0,0,0,100
898,18,65,65,0.8,0.8,1860,18,1,1,0,1,0,0,1,1,-1,-1,17,8,4,7,50,1,0,0,0,0,75
899,100,65,65,1.0,1.0,1660,100,1,1,0,1,0,0,0,1,6,2,11,8,3,16,25,0,1,1,1,0,25
900,148,65,65,0.8,0.5,1880,148,1,1,0,1,1,0,1,1,1,1,1,8,20,1,50,0,1,1,0,1,75
901,18,65,65,1.0,1.0,2200,18,1,0,0,0,1,0,0,1,9,6,2,8,3,16,25,1,0,0,0,1,75
902,109,65,65,1.0,1.0,1900,109,1,2,0,0,1,0,1,0,4,7,0,8,2,13,25,1,0,0,0,0,75
903,24,65,65,1.0,1.0,2100,24,1,2,2,0,0,1,0,0,9,6,2,8,1,11,25,1,0,0,0,1,25
904,14,65,65,1.0,1.0,2540,14,1,2,2,0,1,0,0,1,9,6,2,8,10,6,25,1,0,0,0,1,25
905,106,65,65,1.0,1.0,1840,106,1,1,0,1,1,0,0,1,-1,17,13,8,13,18,100,0,1,1,1,1,100
906,95,65,65,1.0,1.0,1920,95,1,1,0,1,1,0,0,1,1,1,1,8,21,5,25,1,0,0,0,0,50
907,94,65,65,1.0,1.0,2440,94,1,1,0,1,0,0,0,0,-1,-1,17,8,14,19,75,0,1,1,0,1,100
908,51,65,65,1.0,1.0,1820,51,1,1,0,1,1,1,0,0,7,0,-1,8,20,1,100,0,1,0,0,0,50
909,144,65,65,1.0,1.0,2100,144,1,1,0,1,0,0,1,0,8,4,7,8,11,12,25,1,0,0,0,0,100
910,114,65,65,1.0,1.0,1740,114,1,1,2,1,1,1,1,1,14,-1,-1,8,1,11,100,1,0,0,0,0,25
911,54,65,65,1.0,1.0,1960,54,1,1,0,1,0,1,1,0,-1,17,13,8,3,16,75,0,1,0,0,1,75
912,22,65,65,1.0,1.0,1940,22,1,0,2,0,0,0,0,0,13,15,5,8,16,10,25,1,0,0,0,0,50
913,80,65,65,1.0,1.0,2420,80,1,2,0,0,1,0,0,0,1,1,1,8,17,15,25,1,0,0,0,0,25
914,109,65,65,1.0,1.0,2200,109,1,1,0,1,0,0,0,1,9,6,2,8,11,12,50,1,0,0,0,0,25
915,15,65,65,1.0,1.0,2560,15,1,1,2,1,0,1,1,0,1,1,1,8,5,0,100,1,0,0,0,1,75
916,108,65,65,1.0,1.0,2200,108,1,1,0,1,0,1,1,0,12,8,4,8,2,13,50,0,1,1,1,1,75
917,100,65,65,1.0,1.0,1620,100,1,1,0,1,0,1,0,0,5,1,1,8,18,3,75,0,1,1,0,0,50
918,85,65,65,0.5,0.5,1740,85,1,1,0,1,1,0,0,1,8,4,7,8,11,12,75,1,0,0,0,1,100
919,145,66,66,1.0,1.0,2160,145,1,2,0,0,1,1,1,0,0,-1,-1,8,12,9,50,1,0,0,0,0,75
920,106,66,66,0.8,1.0,1920,106,1,1,0,1,1,1,0,0,1,1,1,8,21,5,25,1,0,0,0,0,75
921,109,68,68,1.0,1.0,1640,109,1,1,0,1,1,1,0,0,1,1,1,8,1,11,50,0,1,1,0,1,100
922,114,68,68,1.0,1.0,2080,114,1,1,0,1,1,1,0,1,2,11,12,8,20,1,75,1,0,0,0,1,75
923,114,68,68,0.33,0.5,2500,114,1,1,0,1,0,0,0,0,4,7,0,8,1,11,75,0,1,1,1,0,25
924,114,68,68,1.0,1.0,1660,114,1,2,0,0,0,0,0,0,1,1,1,8,21,5,50,1,0,0,0,0,75
925,75,68,68,1.0,1.0,1900,75,1,1,0,1,0,0,0,0,2,11,12,8,20,1,75,0,1,1,1,0,50
926,100,68,68,0.8,0.8,1980,100,1,1,2,1,1,1,0,0,11,12,8,8,6,21,100,1,0,0,0,0,25
927,100,68,68,1.0,1.0,2300,100,1,1,0,1,1,0,1,0,17,13,15,8,19,20,50,0,1,0,0,1,50
928,114,68,68,1.0,1.0,2000,114,1,1,0,1,0,1,1,0,14,-1,-1,8,3,16,100,0,1,0,0,0,25
929,18,68,68,0.8,0.5,2540,18,1,1,0,1,0,1,0,0,-1,-1,17,8,15,14,25,1,0,0,0,1,25
930,94,68,68,1.0,1.0,1700,94,1,0,0,0,0,0,1,0,12,8,4,8,18,3,50,0,1,1,1,1,100
931,90,68,68,0.5,0.5,1980,90,1,0,0,0,0,1,0,1,-1,-1,17,8,19,20,75,1,0,0,0,1,75
932,95,68,68,1.0,1.0,2000,95,1,2,0,0,1,0,1,1,14,-1,-1,8,1,11,100,0,1,1,0,1,50
933,153,68,68,0.33,0.5,2060,153,1,1,0,1,1,0,0,0,7,0,-1,8,10,6,75,0,1,0,0,1,100
934,0,68,68,1.0,1.0,2280,0,1,1,0,1,0,0,0,0,9,6,2,8,21,5,25,1,0,0,0,0,50
935,89,68,68,0.8,0.8,1640,89,1,1,0,1,1,1,1,0,-1,17,13,8,4,7,100,0,1,1,0,1,75
936,29,68,68,1.0,1.0,1720,29,1,1,0,1,1,0,1,1,11,12,8,8,10,6,50,1,0,0,0,1,75
937,100,68,68,1.0,1.0,2380,100,1,0,0,0,1,1,1,1,4,7,0,8,10,6,75,1,0,0,0,0,25
938,148,68,68,1.0,1.0,1900,148,1,1,0,1,1,0,1,0,5,1,1,8,16,10,50,0,1,0,0,1,25
939,-1,68,68,1.0,1.0,1820,-1,1,1,0,1,0,0,0,1,5,1,1,8,2,13,50,1,0,0,0,1,75
940,100,68,68,1.0,1.0,2120,100,1,1,0,1,1,1,0,1,12,8,4,8,10,6,50,1,0,0,0,1,25
941,141,68,68,1.0,1.0,1960,141,1,1,2,1,0,1,1,0,2,11,12,8,4,7,25,1,0,0,0,0,50
942,109,68,68,1.0,1.0,1680,109,1,1,2,1,1,0,1,1,7,0,-1,8,17,15,75,1,0,0,0,0,100
943,94,68,68,1.0,1.0,2360,94,1,1,2,1,0,0,1,0,14,-1,-1,8,10,6,25,1,0,0,0,0,50
944,114,68,68,1.0,1.0,2040,114,1,1,0,1,1,0,1,0,17,13,15,8,17,15,75,0,1,0,0,0,100
945,-1,68,68,0.8,0.8,1800,-1,1,1,0,1,1,1,1,0,8,4,7,8,19,20,100,1,0,0,0,0,100
946,18,68,68,0.5,0.5,1900,18,1,1,0,1,1,0,0,1,13,15,5,8,0,4,50,0,1,0,0,0,75
947,9,68,68,1.0,1.0,1720,9,1,0,0,0,1,1,1,1,3,-1,6,8,0,4,100,1,0,0,0,1,50
948,-1,68,68,1.0,1.0,1900,-1,1,0,0,0,0,1,0,0,4,7,0,8,15,14,75,0,1,1,1,0,75
949,0,68,68,1.0,1.0,1780,0,1,2,2,0,0,1,0,0,4,7,0,8,4,7,100,1,0,0,0,0,75
950,114,68,68,1.0,1.0,2160,114,1,2,0,0,1,0,0,1,6,2,11,8,2,13,25,0,1,1,1,1,75
951,12,68,68,1.0,1.0,2100,12,1,1,0,1,0,1,0,1,3,-1,6,8,2,13,25,0,1,1,1,0,50
952,94,68,68,1.0,1.0,1880,94,1,1,0,1,1,1,0,0,17,13,15,8,1,11,25,0,1,0,0,1,25
953,76,68,68,1.0,1.0,1940,76,1,1,0,1,1,1,0,0,6,2,11,8,6,21,75,1,0,0,0,1,75
954,-1,-1,-1,0.5,0.5,1940,-1,1,1,0,1,0,0,0,0,4,7,0,8,10,6,25,0,1,0,0,1,25
955,100,70,70,1.0,1.0,2080,100,1,1,0,1,0,1,1,0,13,15,5,8,10,6,50,0,1,0,0,0,100
956,94,70,70,1.0,1.0,2040,94,1,1,0,1,1,0,0,0,7,0,-1,8,14,19,50,1,0,0,0,0,25
957,109,70,70,0.5,0.5,2360,109,1,1,0,1,1,0,1,1,17,13,15,8,17,15,50,0,1,0,0,1,75
958,4,72,72,0.5,0.5,1780,4,1,2,0,0,1,1,1,0,17,13,15,8,1,11,75,1,0,0,0,1,50
959,132,74,74,1.0,1.0,2360,132,1,2,0,0,1,0,0,1,9,6,2,8,15,14,25,0,1,1,1,0,100
960,119,74,74,1.0,1.0,2100,119,1,2,0,0,1,0,0,1,6,2,11,8,4,7,50,0,1,1,0,1,100
961,59,76,76,1.0,1.0,1720,59,1,1,0,1,0,1,1,0,2,11,12,8,21,5,50,1,0,0,0,0,50
962,100,78,78,0.33,0.5,2520,100,1,1,0,1,0,0,1,0,3,-1,6,8,15,14,100,1,0,0,0,0,100
963,102,78,78,0.8,0.8,2480,102,1,1,0,1,1,1,0,1,2,11,12,8,0,4,75,0,1,0,0,0,75
964,100,78,78,0.5,0.5,2200,100,1,1,0,1,0,0,1,0,4,7,0,8,4,7,100,1,0,0,0,0,50
965,-1,85,85,0.8,0.8,2280,-1,1,2,0,0,1,1,0,0,7,0,-1,8,18,3,25,1,0,0,0,1,50
966,51,86,86,0.8,0.8,2360,51,1,1,0,1,0,1,1,1,13,15,5,8,11,12,100,0,1,1,1,0,100
967,63,86,86,1.0,1.0,2480,63,1,1,0,1,1,1,1,0,4,7,0,8,16,10,25,0,1,0,0,0,100
968,100,86,86,1.0,1.0,2240,100,1,1,0,1,1,0,0,1,9,6,2,8,16,10,75,1,0,0,0,0,75
969,109,86,86,0.8,0.8,2120,109,1,1,2,1,1,1,0,0,2,11,12,8,4,7,75,1,0,0,0,1,100
970,106,-1,-1,1.0,1.0,2460,106,1,1,0,1,1,0,0,0,0,-1,-1,8,3,16,50,1,0,0,0,0,75
971,38,87,87,0.8,0.5,2020,38,1,1,0,1,1,0,0,1,17,13,15,8,7,17,75,0,1,0,0,1,25
972,130,88,88,1.0,1.0,2160,130,1,1,2,1,1,0,1,0,0,-1,-1,8,16,10,25,1,0,0,0,1,25
973,18,88,88,1.0,1.0,2200,18,1,1,0,1,0,1,0,0,0,-1,-1,8,10,6,50,0,1,1,0,1,75
974,95,90,90,0.8,0.8,1700,95,1,2,0,0,1,1,1,1,14,-1,-1,8,18,3,25,0,1,0,0,1,25
975,95,93,93,0.5,0.5,1660,95,1,1,0,1,0,1,1,1,17,13,15,8,18,3,25,1,0,0,0,0,25
976,18,93,93,1.0,1.0,1700,18,1,1,0,1,1,1,0,0,-1,-1,17,8,3,16,75,0,1,1,1,0,75
977,100,95,95,0.33,0.33,1840,100,1,1,2,1,1,0,1,1,4,7,0,8,18,3,100,1,0,0,0,0,75
978,75,95,95,1.0,1.0,2580,75,1,1,2,1,1,1,1,1,2,11,12,8,6,21,100,1,0,0,0,0,75
979,140,95,95,1.0,1.0,1820,140,1,0,2,0,0,1,0,0,2,11,12,8,20,1,75,1,0,0,0,1,75
980,20,95,95,1.0,1.0,2280,20,1,0,0,0,1,1,1,0,0,-1,-1,8,17,15,75,1,0,0,0,1,100
981,111,96,96,1.0,1.0,2160,111,1,0,2,0,1,0,0,1,12,8,4,8,3,16,100,1,0,0,0,0,25
982,43,97,97,1.0,1.0,1720,43,1,1,0,1,1,0,0,1,7,0,-1,8,7,17,50,1,0,0,0,1,100
983,-1,-1,-1,1.0,1.0,2260,-1,1,1,0,1,0,0,0,0,15,5,1,8,2,13,25,0,1,1,1,1,75
984,63,-1,-1,0.8,1.0,2500,63,1,1,0,1,1,0,1,1,6,2,11,8,1,11,100,0,1,0,0,1,25
985,1,99,99,0.33,0.5,1760,1,1,1,0,1,1,1,1,0,8,4,7,8,20,1,75,0,1,1,1,0,25
986,14,101,101,0.8,0.5,1960,14,1,1,0,1,1,0,0,1,2,11,12,8,11,12,50,1,0,0,0,1,75
987,95,104,104,1.0,1.0,2160,95,1,2,2,0,1,0,1,1,1,1,1,8,15,14,25,1,0,0,0,1,75
988,99,105,105,1.0,1.0,2020,99,1,2,0,0,0,1,1,1,15,5,1,8,5,0,75,0,1,0,0,1,75
989,144,105,105,1.0,1.0,2460,144,1,1,0,1,1,0,1,0,4,7,0,8,0,4,100,0,1,0,0,0,100
990,41,106,106,1.0,1.0,2420,41,1,1,0,1,1,0,1,1,2,11,12,8,5,0,100,0,1,0,0,0,100
991,-1,106,106,0.8,0.8,1800,-1,1,1,0,1,0,1,1,0,9,6,2,8,14,19,100,0,1,0,0,0,100
992,1,106,106,1.0,1.0,2600,1,1,1,0,1,1,1,1,1,13,15,5,8,15,14,25,1,0,0,0,0,75
993,128,106,106,1.0,1.0,1660,128,1,1,0,1,0,0,1,0,9,6,2,8,6,21,75,1,0,0,0,1,75
994,114,106,106,1.0,1.0,2560,114,1,1,0,1,1,0,1,1,5,1,1,8,19,20,75,0,1,1,0,1,25
995,53,107,107,1.0,1.0,2260,53,1,1,0,1,0,1,0,0,-1,-1,17,8,10,6,25,0,1,0,0,1,25
996,109,-1,-1,1.0,1.0,2520,109,1,1,0,1,0,1,1,0,11,12,8,8,3,16,25,0,1,1,1,1,25
997,81,-1,-1,1.0,1.0,1880,81,1,1,0,1,1,1,1,0,-1,-1,17,8,0,4,25,0,1,0,0,1,50
998,-1,-1,-1,1.0,1.0,2380,-1,1,1,0,1,0,0,1,1,3,-1,6,8,10,6,50,1,0,0,0,0,75
